{
	"parent": "block/cube",
	"textures": {
		"particle": "ic2:blocks/machine/resource/advanced_miner_leftrightback",
		"down": "ic2:blocks/machine/resource/advanced_miner_bottom",
		"up": "ic2:blocks/machine/resource/advanced_miner_top",
		"north": "ic2:blocks/machine/resource/advanced_miner_front",
		"east": "ic2:blocks/machine/resource/advanced_miner_leftrightback",
		"south": "ic2:blocks/machine/resource/advanced_miner_leftrightback",
		"west": "ic2:blocks/machine/resource/advanced_miner_leftrightback"
	}
}
