{
	"textures": {
		"particle": "#north"
	},
	"elements": [
		{
			"from": [ 0, 0, 0 ],
			"to": [ 16, 16, 16 ],
			"faces": {
				"down": { "texture": "#down" },
				"up": { "texture": "#up" },
				"north": { "texture": "#north" },
				"south": { "texture": "#south" },
				"west": { "texture": "#west" },
				"east": { "texture": "#east" }
			}
		},
		{
			"from": [ 16, 16, 16 ],
			"to": [ 0, 0, 0 ],
			"faces": {
				"down": { "texture": "#down" },
				"up": { "texture": "#up" },
				"north": { "texture": "#north" },
				"south": { "texture": "#south" },
				"west": { "texture": "#west" },
				"east": { "texture": "#east" }
			}
		}
	]
}
