{
	"parent": "block/cube",
	"textures": {
		"particle": "ic2:blocks/machine/fluid/fluid_regulator_leftright_active",
		"down": "ic2:blocks/machine/fluid/fluid_regulator_bottom",
		"up": "ic2:blocks/machine/fluid/fluid_regulator_top",
		"north": "ic2:blocks/machine/fluid/fluid_regulator_front_active",
		"east": "ic2:blocks/machine/fluid/fluid_regulator_leftright_active",
		"south": "ic2:blocks/machine/fluid/fluid_regulator_back_active",
		"west": "ic2:blocks/machine/fluid/fluid_regulator_leftright_active"
	}
}
