{
	"parent": "block/cube",
	"textures": {
		"particle": "ic2:blocks/machine/fluid/fluid_distributor_leftrightback_active",
		"down": "ic2:blocks/machine/fluid/fluid_distributor_bottomtop_active",
		"up": "ic2:blocks/machine/fluid/fluid_distributor_bottomtop_active",
		"north": "ic2:blocks/machine/fluid/fluid_distributor_front_active",
		"east": "ic2:blocks/machine/fluid/fluid_distributor_leftrightback_active",
		"south": "ic2:blocks/machine/fluid/fluid_distributor_leftrightback_active",
		"west": "ic2:blocks/machine/fluid/fluid_distributor_leftrightback_active"
	}
}
