{
	"parent": "block/cube",
	"textures": {
		"particle": "ic2:blocks/machine/fluid/fluid_bottler_leftright_active",
		"down": "ic2:blocks/machine/fluid/fluid_bottler_bottom",
		"up": "ic2:blocks/machine/fluid/fluid_bottler_top",
		"north": "ic2:blocks/machine/fluid/fluid_bottler_front_active",
		"east": "ic2:blocks/machine/fluid/fluid_bottler_leftright_active",
		"south": "ic2:blocks/machine/fluid/fluid_bottler_back",
		"west": "ic2:blocks/machine/fluid/fluid_bottler_leftright_active"
	}
}
