{
	"parent": "block/cube",
	"textures": {
		"particle": "ic2:blocks/machine/fluid/liquid_heat_exchanger_leftright",
		"down": "ic2:blocks/machine/fluid/liquid_heat_exchanger_bottom",
		"up": "ic2:blocks/machine/fluid/liquid_heat_exchanger_top",
		"north": "ic2:blocks/machine/fluid/liquid_heat_exchanger_front",
		"east": "ic2:blocks/machine/fluid/liquid_heat_exchanger_leftright",
		"south": "ic2:blocks/machine/fluid/liquid_heat_exchanger_back",
		"west": "ic2:blocks/machine/fluid/liquid_heat_exchanger_leftright"
	}
}
