{
	"parent": "block/cube",
	"textures": {
		"particle": "ic2:blocks/machine/fluid/steam_generator_leftright",
		"down": "ic2:blocks/machine/fluid/steam_generator_bottom",
		"up": "ic2:blocks/machine/fluid/steam_generator_top",
		"north": "ic2:blocks/machine/fluid/steam_generator_frontback",
		"east": "ic2:blocks/machine/fluid/steam_generator_leftright",
		"south": "ic2:blocks/machine/fluid/steam_generator_frontback",
		"west": "ic2:blocks/machine/fluid/steam_generator_leftright"
	}
}
