{
	"parent": "block/cube",
	"textures": {
		"particle": "ic2:blocks/machine/fluid/steam_generator_left_active",
		"down": "ic2:blocks/machine/fluid/steam_generator_bottom",
		"up": "ic2:blocks/machine/fluid/steam_generator_top",
		"north": "ic2:blocks/machine/fluid/steam_generator_frontback_active",
		"east": "ic2:blocks/machine/fluid/steam_generator_left_active",
		"south": "ic2:blocks/machine/fluid/steam_generator_frontback_active",
		"west": "ic2:blocks/machine/fluid/steam_generator_right_active"
	}
}
