{
	"parent": "block/cube",
	"textures": {
		"particle": "ic2:blocks/machine/processing/basic/electric_furnace_leftrightback",
		"down": "ic2:blocks/machine/processing/basic/electric_furnace_bottom",
		"up": "ic2:blocks/machine/processing/basic/electric_furnace_top",
		"north": "ic2:blocks/machine/processing/basic/electric_furnace_front",
		"east": "ic2:blocks/machine/processing/basic/electric_furnace_leftrightback",
		"south": "ic2:blocks/machine/processing/basic/electric_furnace_back",
		"west": "ic2:blocks/machine/processing/basic/electric_furnace_leftrightback"
	}
}
