{
	"parent": "block/cube",
	"textures": {
		"particle": "ic2:blocks/machine/processing/basic/extractor_leftright",
		"down": "ic2:blocks/machine/processing/basic/extractor_bottom",
		"up": "ic2:blocks/machine/processing/basic/extractor_top",
		"north": "ic2:blocks/machine/processing/basic/extractor_front",
		"east": "ic2:blocks/machine/processing/basic/extractor_leftright",
		"south": "ic2:blocks/machine/processing/basic/extractor_back",
		"west": "ic2:blocks/machine/processing/basic/extractor_leftright"
	}
}
