{
	"parent": "block/cube",
	"textures": {
		"particle": "ic2:blocks/machine/processing/basic/iron_furnace_leftright",
		"down": "ic2:blocks/machine/processing/basic/iron_furnace_bottom",
		"up": "ic2:blocks/machine/processing/basic/iron_furnace_top",
		"north": "ic2:blocks/machine/processing/basic/iron_furnace_front",
		"east": "ic2:blocks/machine/processing/basic/iron_furnace_leftright",
		"south": "ic2:blocks/machine/processing/basic/iron_furnace_back",
		"west": "ic2:blocks/machine/processing/basic/iron_furnace_leftright"
	}
}
