{
	"parent": "block/cube",
	"textures": {
		"particle": "ic2:blocks/machine/processing/basic/macerator_back",
		"down": "ic2:blocks/machine/processing/basic/macerator_bottom",
		"up": "ic2:blocks/machine/processing/basic/macerator_top",
		"north": "ic2:blocks/machine/processing/basic/macerator_front",
		"east": "ic2:blocks/machine/processing/basic/macerator_leftright",
		"south": "ic2:blocks/machine/processing/basic/macerator_back",
		"west": "ic2:blocks/machine/processing/basic/macerator_leftright"
	}
}
