{
	"parent": "block/cube",
	"textures": {
		"particle": "ic2:blocks/machine/processing/basic/macerator_back",
		"down": "ic2:blocks/machine/processing/basic/macerator_bottom",
		"up": "ic2:blocks/machine/processing/basic/macerator_top_active",
		"north": "ic2:blocks/machine/processing/basic/macerator_front_active",
		"east": "ic2:blocks/machine/processing/basic/macerator_leftright_active",
		"south": "ic2:blocks/machine/processing/basic/macerator_back",
		"west": "ic2:blocks/machine/processing/basic/macerator_leftright_active"
	}
}
