{
	"parent": "block/cube",
	"textures": {
		"particle": "ic2:blocks/machine/processing/basic/recycler_back",
		"down": "ic2:blocks/machine/processing/basic/recycler_bottom",
		"up": "ic2:blocks/machine/processing/basic/recycler_top",
		"north": "ic2:blocks/machine/processing/basic/recycler_front",
		"east": "ic2:blocks/machine/processing/basic/recycler_leftright",
		"south": "ic2:blocks/machine/processing/basic/recycler_back",
		"west": "ic2:blocks/machine/processing/basic/recycler_leftright"
	}
}
