{
	"parent": "block/cube",
	"textures": {
		"particle": "ic2:blocks/machine/processing/basic/solid_canner_leftrightback",
		"down": "ic2:blocks/machine/processing/basic/solid_canner_bottom",
		"up": "ic2:blocks/machine/processing/basic/solid_canner_top",
		"north": "ic2:blocks/machine/processing/basic/solid_canner_front_active",
		"east": "ic2:blocks/machine/processing/basic/solid_canner_leftrightback",
		"south": "ic2:blocks/machine/processing/basic/solid_canner_leftrightback",
		"west": "ic2:blocks/machine/processing/basic/solid_canner_leftrightback"
	}
}
