{
	"parent": "block/cube",
	"textures": {
		"particle": "ic2:blocks/generator/electric/stirling_generator_leftright",
		"down": "ic2:blocks/generator/electric/stirling_generator_bottom",
		"up": "ic2:blocks/generator/electric/stirling_generator_top",
		"north": "ic2:blocks/generator/electric/stirling_generator_front_active",
		"east": "ic2:blocks/generator/electric/stirling_generator_leftright",
		"south": "ic2:blocks/generator/electric/stirling_generator_back",
		"west": "ic2:blocks/generator/electric/stirling_generator_leftright"
	}
}
