{
	"parent": "block/cube",
	"textures": {
		"particle": "ic2:blocks/generator/electric/water_generator_left",
		"down": "ic2:blocks/generator/electric/water_generator_bottom",
		"up": "ic2:blocks/generator/electric/water_generator_top",
		"north": "ic2:blocks/generator/electric/water_generator_front",
		"east": "ic2:blocks/generator/electric/water_generator_left",
		"south": "ic2:blocks/generator/electric/water_generator_back",
		"west": "ic2:blocks/generator/electric/water_generator_right"
	}
}
