{
	"textures": {
		"particle": "#leftrightback"
	},
	"elements": [
		{
			"from": [ 1, 0, 1 ],
			"to": [ 15, 1, 15 ],
			"faces": {
				"down": { "texture": "#bottomtop", "cullface": "down" },
				"up": { "texture": "#bottomtop" },
				"north": { "texture": "#leftrightback" },
				"south": { "texture": "#leftrightback" },
				"west": { "texture": "#leftrightback" },
				"east": { "texture": "#leftrightback" }
			}
		},
		{
			"from": [ 1, 15, 1 ],
			"to": [ 15, 16, 15 ],
			"faces": {
				"down": { "texture": "#bottomtop" },
				"up": { "texture": "#bottomtop", "cullface": "up" },
				"north": { "texture": "#leftrightback" },
				"south": { "texture": "#leftrightback" },
				"west": { "texture": "#leftrightback" },
				"east": { "texture": "#leftrightback" }
			}
		},
		{
			"from": [ 1, 1, 14 ],
			"to": [ 15, 15, 15 ],
			"faces": {
				"north": { "texture": "#leftrightback" },
				"south": { "texture": "#leftrightback" },
				"west": { "texture": "#leftrightback" },
				"east": { "texture": "#leftrightback" }
			}
		},
		{
			"from": [ 1, 1, 1 ],
			"to": [ 2, 15, 14 ],
			"faces": {
				"north": { "texture": "#leftrightback" },
				"west": { "texture": "#leftrightback" },
				"east": { "uv": [ 2, 1, 15, 15 ], "texture": "#leftrightback" }
			}
		},
		{
			"from": [ 14, 1, 1 ],
			"to": [ 15, 15, 14 ],
			"faces": {
				"north": { "texture": "#leftrightback" },
				"west": { "texture": "#leftrightback" },
				"east": { "uv": [ 2, 1, 15, 15 ], "texture": "#leftrightback" }
			}
		}
	]
}
