{
	"ambientocclusion": false,
	"textures": {
		"0": "item/swamp_plant_item",
		"particle": "item/swamp_plant_item"
	},
	"elements": [
		{
			"from": [0, 0.25, 0],
			"to": [16, 0.25, 16],
			"shade": false,
			"faces": {
				"up": {"uv": [16, 0, 0, 16], "texture": "#0"},
				"down": {"uv": [16, 16, 0, 0], "texture": "#0"}
			}
		}
	],
	"display": {
		"thirdperson_righthand": {
			"translation": [0, 3.75, 0],
			"scale": [0.4, 0.4, 0.4]
		},
		"thirdperson_lefthand": {
			"translation": [0, 3.5, 0],
			"scale": [0.4, 0.4, 0.4]
		},
		"firstperson_righthand": {
			"rotation": [66, -2, 0],
			"translation": [5.5, 1.75, 0],
			"scale": [0.4, 0.4, 0.4]
		},
		"firstperson_lefthand": {
			"rotation": [83, 0, 0],
			"translation": [5.25, 1, 0.75],
			"scale": [0.4, 0.4, 0.4]
		},
		"ground": {
			"rotation": [91, 0, 0],
			"scale": [0.4, 0.4, 0.4]
		},
		"gui": {
			"rotation": [-91, -180, 0]
		},
		"fixed": {
			"rotation": [-91, -180, 0],
			"translation": [0.5, 0, -8.25]
		}
	}
}