{
	"parent": "block/cube",
	"textures": {
		"particle": "ic2:blocks/generator/heat/rt_heat_generator_leftright",
		"down": "ic2:blocks/generator/heat/rt_heat_generator_bottom",
		"up": "ic2:blocks/generator/heat/rt_heat_generator_top_active",
		"north": "ic2:blocks/generator/heat/rt_heat_generator_front_active",
		"east": "ic2:blocks/generator/heat/rt_heat_generator_leftright",
		"south": "ic2:blocks/generator/heat/rt_heat_generator_back_active",
		"west": "ic2:blocks/generator/heat/rt_heat_generator_leftright"
	}
}
