{
	"parent": "block/cube",
	"textures": {
		"particle": "ic2:blocks/generator/heat/solid_heat_generator_left_active",
		"down": "ic2:blocks/generator/heat/solid_heat_generator_bottom",
		"up": "ic2:blocks/generator/heat/solid_heat_generator_top",
		"north": "ic2:blocks/generator/heat/solid_heat_generator_front_active",
		"east": "ic2:blocks/generator/heat/solid_heat_generator_left_active",
		"south": "ic2:blocks/generator/heat/solid_heat_generator_back_active",
		"west": "ic2:blocks/generator/heat/solid_heat_generator_right_active"
	}
}
