{
	"parent": "block/cube",
	"textures": {
		"particle": "ic2:blocks/machine/processing/advanced/block_cutter_leftright_active",
		"down": "ic2:blocks/machine/processing/advanced/block_cutter_bottom",
		"up": "ic2:blocks/machine/processing/advanced/block_cutter_top",
		"north": "ic2:blocks/machine/processing/advanced/block_cutter_front_active",
		"east": "ic2:blocks/machine/processing/advanced/block_cutter_leftright_active",
		"south": "ic2:blocks/machine/processing/advanced/block_cutter_back",
		"west": "ic2:blocks/machine/processing/advanced/block_cutter_leftright_active"
	}
}
