{
	"parent": "block/cube",
	"textures": {
		"particle": "ic2:blocks/machine/processing/advanced/centrifuge_leftright",
		"down": "ic2:blocks/machine/processing/advanced/centrifuge_bottom",
		"up": "ic2:blocks/machine/processing/advanced/centrifuge_top",
		"north": "ic2:blocks/machine/processing/advanced/centrifuge_front",
		"east": "ic2:blocks/machine/processing/advanced/centrifuge_leftright",
		"south": "ic2:blocks/machine/processing/advanced/centrifuge_back",
		"west": "ic2:blocks/machine/processing/advanced/centrifuge_leftright"
	}
}
