{
	"parent": "block/cube",
	"textures": {
		"particle": "ic2:blocks/machine/processing/advanced/centrifuge_leftright_active",
		"down": "ic2:blocks/machine/processing/advanced/centrifuge_bottom",
		"up": "ic2:blocks/machine/processing/advanced/centrifuge_top_active",
		"north": "ic2:blocks/machine/processing/advanced/centrifuge_front_active",
		"east": "ic2:blocks/machine/processing/advanced/centrifuge_leftright_active",
		"south": "ic2:blocks/machine/processing/advanced/centrifuge_back",
		"west": "ic2:blocks/machine/processing/advanced/centrifuge_leftright_active"
	}
}
