{
	"parent": "block/cube",
	"textures": {
		"particle": "ic2:blocks/machine/processing/advanced/fermenter_leftright",
		"down": "ic2:blocks/machine/processing/advanced/fermenter_bottom",
		"up": "ic2:blocks/machine/processing/advanced/fermenter_top",
		"north": "ic2:blocks/machine/processing/advanced/fermenter_front",
		"east": "ic2:blocks/machine/processing/advanced/fermenter_leftright",
		"south": "ic2:blocks/machine/processing/advanced/fermenter_back",
		"west": "ic2:blocks/machine/processing/advanced/fermenter_leftright"
	}
}
