{
	"parent": "block/cube",
	"textures": {
		"particle": "ic2:blocks/machine/processing/advanced/fermenter_leftright_active",
		"down": "ic2:blocks/machine/processing/advanced/fermenter_bottom",
		"up": "ic2:blocks/machine/processing/advanced/fermenter_top",
		"north": "ic2:blocks/machine/processing/advanced/fermenter_front_active",
		"east": "ic2:blocks/machine/processing/advanced/fermenter_leftright_active",
		"south": "ic2:blocks/machine/processing/advanced/fermenter_back_active",
		"west": "ic2:blocks/machine/processing/advanced/fermenter_leftright_active"
	}
}
