{
	"parent": "block/cube",
	"textures": {
		"particle": "ic2:blocks/machine/processing/advanced/induction_furnace_leftright_active",
		"down": "ic2:blocks/machine/processing/advanced/induction_furnace_bottom",
		"up": "ic2:blocks/machine/processing/advanced/induction_furnace_top",
		"north": "ic2:blocks/machine/processing/advanced/induction_furnace_front_active",
		"east": "ic2:blocks/machine/processing/advanced/induction_furnace_leftright_active",
		"south": "ic2:blocks/machine/processing/advanced/induction_furnace_back",
		"west": "ic2:blocks/machine/processing/advanced/induction_furnace_leftright_active"
	}
}
