{
	"parent": "block/cube",
	"textures": {
		"particle": "ic2:blocks/machine/processing/advanced/ore_washing_plant_left_active",
		"down": "ic2:blocks/machine/processing/advanced/ore_washing_plant_bottom",
		"up": "ic2:blocks/machine/processing/advanced/ore_washing_plant_top",
		"north": "ic2:blocks/machine/processing/advanced/ore_washing_plant_front_active",
		"east": "ic2:blocks/machine/processing/advanced/ore_washing_plant_left_active",
		"south": "ic2:blocks/machine/processing/advanced/ore_washing_plant_back",
		"west": "ic2:blocks/machine/processing/advanced/ore_washing_plant_right_active"
	}
}
