{
  "variants": {
    "facing=east": [ {
      "model": "minecraft:block/jack_o_lantern",
      "y": 90
    }, {
      "model": "minecraft:block/jack_o_lantern_0",
      "y": 90
    } ],
    "facing=north": [ { 
      "model": "minecraft:block/jack_o_lantern"
    }, {
      "model": "minecraft:block/jack_o_lantern_0"
    } ],
    "facing=south": [ { 
      "model": "minecraft:block/jack_o_lantern",
      "y": 180
    }, {
      "model": "minecraft:block/jack_o_lantern_0",
      "y": 180
    } ],
    "facing=west": [ {
      "model": "minecraft:block/jack_o_lantern",
      "y": 270
    }, {
      "model": "minecraft:block/jack_o_lantern_0",
      "y": 270
    } ] 
  }
}