{
    "variants": {
        "": [
            { "model": "block/lily_pad", "weight": 4 },
            { "model": "block/lily_pad", "y": 90 },
            { "model": "block/lily_pad", "y": 180 },
            { "model": "block/lily_pad", "y": 270 },
            { "model": "block/lily_pad_flower", "weight": 1 },
            { "model": "block/lily_pad_flower", "y": 90 },
            { "model": "block/lily_pad_flower", "y": 180 },
            { "model": "block/lily_pad_flower", "y": 270 },
            { "model": "block/lily_pad_flower2", "weight": 1 },
            { "model": "block/lily_pad_flower2", "y": 90 },
            { "model": "block/lily_pad_flower2", "y": 180 },
            { "model": "block/lily_pad_flower2", "y": 270 }
        ]
    }
}
