{
    "variants": {
        "age=0": { "model": "block/wheat_stage0" },
        "age=1": { "model": "block/wheat_stage1" },
        "age=2": { "model": "block/wheat_stage2" },
        "age=3": { "model": "block/wheat_stage3" },
        "age=4": { "model": "block/wheat_stage4" },
        "age=5": [ { "model": "block/wheat_stage5" },
		 { "model": "block/wheat_stage5_1" } ],
        "age=6": [ { "model": "block/wheat_stage6" }, 
		 { "model": "block/wheat_stage6_1" } ],
        "age=7": [ { "model": "block/wheat_stage7" }, 
		 { "model": "block/wheat_stage7_1" } ]
    }
}
