{
    "parent": "block/block",
    "textures":{
        "front":"enderio:blocks/machineSide"
    },
    "elements":[
        {
            "from":[
                0,
                0,
                0
            ],
            "to":[
                16,
                16,
                16
            ],
            "faces":{
                "south":{
                    "texture":"#front",
                    "cullface":"south"
                }
            }
        }
    ]
}