{
    "__comment": "Model generated using MrCrayfish's Model Creator (http://mrcrayfish.com/modelcreator/)",
    "textures": {
        "0": "enderio:blocks/machineBottom",
        "1": "enderio:blocks/machineBottomSmaller",
        "2": "enderio:blocks/machineScreen12"
    },
    "elements": [
        {
            "name": "Cube",
            "from": [ 0.0, 0.0, 0.0 ], 
            "to": [ 16.0, 2.0, 16.0 ], 
            "faces": {
                "north": { "texture": "#0", "uv": [ 0.0, 0.0, 16.0, 2.0 ] },
                "east": { "texture": "#0", "uv": [ 0.0, 0.0, 16.0, 2.0 ] },
                "south": { "texture": "#0", "uv": [ 0.0, 0.0, 16.0, 2.0 ] },
                "west": { "texture": "#0", "uv": [ 0.0, 0.0, 16.0, 2.0 ] },
                "up": { "texture": "#0", "uv": [ 0.0, 0.0, 16.0, 16.0 ] },
                "down": { "texture": "#0", "uv": [ 0.0, 0.0, 16.0, 16.0 ] }
            }
        },
        {
            "name": "Cube",
            "from": [ 2.0, 2.0, 2.0 ], 
            "to": [ 14.0, 4.0, 14.0 ], 
            "faces": {
                "north": { "texture": "#1", "uv": [ 2.0, 2.0, 14.0, 4.0 ] },
                "east": { "texture": "#1", "uv": [ 2.0, 2.0, 14.0, 4.0 ] },
                "south": { "texture": "#1", "uv": [ 2.0, 2.0, 14.0, 4.0 ] },
                "west": { "texture": "#1", "uv": [ 2.0, 2.0, 14.0, 4.0 ] },
                "up": { "texture": "#1", "uv": [ 2.0, 2.0, 14.0, 14.0 ] },
                "down": { "texture": "#1", "uv": [ 2.0, 2.0, 14.0, 14.0 ] }
            }
        },
        {
            "name": "Cube",
            "from": [ 6.0, 4.0, 6.0 ], 
            "to": [ 10.0, 12.0, 10.0 ], 
            "faces": {
                "north": { "texture": "#0", "uv": [ 8.0, 7.0, 12.0, 15.0 ] },
                "east": { "texture": "#0", "uv": [ 4.0, 7.0, 8.0, 15.0 ] },
                "south": { "texture": "#0", "uv": [ 6.0, 7.0, 10.0, 15.0 ] },
                "west": { "texture": "#0", "uv": [ 6.0, 7.0, 10.0, 15.0 ] },
                "up": { "texture": "#0", "uv": [ 6.0, 6.0, 10.0, 10.0 ] },
                "down": { "texture": "#0", "uv": [ 6.0, 6.0, 10.0, 10.0 ] }
            }
        },
        {
            "name": "Cube",
            "from": [ 2.0, 12.0, 2.0 ], 
            "to": [ 14.0, 14.0, 14.0 ], 
            "rotation": { "origin": [ 8.0, 12.0, 8.0 ], "axis": "x", "angle": -45.0 },
            "faces": {
                "north": { "texture": "#1", "uv": [ 2.0, 2.0, 14.0, 4.0 ] },
                "east": { "texture": "#1", "uv": [ 2.0, 2.0, 14.0, 4.0 ] },
                "south": { "texture": "#1", "uv": [ 2.0, 2.0, 14.0, 4.0 ] },
                "west": { "texture": "#1", "uv": [ 2.0, 2.0, 14.0, 4.0 ] },
                "up": { "texture": "#2", "uv": [ 2.0, 2.0, 14.0, 14.0 ] },
                "down": { "texture": "#1", "uv": [ 2.0, 2.0, 14.0, 14.0 ] }
            }
        },
        {
            "name": "Cube",
            "from": [ 6.0, 12.0, 8.0 ], 
            "to": [ 10.0, 14.0, 10.0 ], 
            "faces": {
                "north": { "texture": "#0", "uv": [ 4.0, 5.0, 8.0, 7.0 ] },
                "east": { "texture": "#0", "uv": [ 6.0, 4.0, 5.0, 6.0 ] },
                "south": { "texture": "#0", "uv": [ 8.0, 1.0, 12.0, 3.0 ] },
                "west": { "texture": "#0", "uv": [ 5.0, 4.0, 7.0, 6.0 ] },
                "up": { "texture": "#0", "uv": [ 4.0, 6.0, 8.0, 8.0 ] },
                "down": { "texture": "#0", "uv": [ 5.0, 5.0, 9.0, 7.0 ] }
            }
        }
    ]
}