{
    "ambientocclusion": false,
    "textures": {
        "particle": "enderio:blocks/blockDarkSteelLadder",
        "texture": "enderio:blocks/blockDarkSteelLadder"
    },
    "elements": [
        {   "from": [ 0, 0, 0.7 ],
            "to": [ 16, 16, 0.8 ],
            "shade": false,
            "faces": {
                "north": { "uv": [ 0, 0, 16, 16 ], "texture": "#texture" },
                "south": { "uv": [ 0, 0, 16, 16 ], "texture": "#texture" }
            }
        }
    ]
}
