{
"__comment": "Model generated using MrCrayfish's Model Creator (http://mrcrayfish.com/modelcreator/)",
"elements": [ 
{
    "from": [ 1, 0.01, 1 ],
    "to": [ 15, 1, 15 ],
    "faces": {
        "down":  { "uv": [ 14.99, 14.99, 1.01, 1.01 ], "texture": "#0", "cullface": "down" },
        "up":    { "uv": [ 1.01, 1.01, 14.99, 14.99 ], "texture": "#0" }
    }
},
{
    "from": [ 1, 15, 1 ],
    "to": [ 15, 15.99, 15 ],
    "faces": {
        "down":  { "uv": [ 14.99, 14.99, 1.01, 1.01 ], "texture": "#0" },
        "up":    { "uv": [ 1.01, 1.01, 14.99, 14.99 ], "texture": "#1", "cullface": "up" }
    }
},
{
    "from": [ 1, 15, 0 ],
    "to": [ 15, 16, 1 ],
    "faces": {
        "down":  { "uv": [ 14.99, 0.99, 1.01, 0.01 ], "texture": "#0" },
        "up":    { "uv": [ 1.01, 0.01, 14.99, 0.99 ], "texture": "#1", "cullface": "up" },
        "north": { "uv": [ 1.01, 0.01, 14.99, 0.99 ], "texture": "#0", "cullface": "north" },
        "south": { "uv": [ 1.01, 0.01, 14.99, 0.99 ], "texture": "#0", "cullface": "up" }
    }
},
{
    "from": [ 0, 15, 0 ],
    "to": [ 1, 16, 16 ],
    "faces": {
        "down":  { "uv": [ 15.99, 15.99, 15.01, 0.01 ], "texture": "#0" },
        "up":    { "uv": [ 0.01, 0.01, 0.99, 15.99 ], "texture": "#1", "cullface": "up" },
        "north": { "uv": [ 15.01, 0.01, 15.99, 0.99 ], "texture": "#0", "cullface": "north" },
        "south": { "uv": [ 0.01, 0.01, 0.99, 0.99 ], "texture": "#0", "cullface": "south" },
        "west":  { "uv": [ 0.01, 0.01, 15.99, 0.99 ], "texture": "#1", "cullface": "west" },
        "east":  { "uv": [ 0.01, 0.01, 15.99, 0.99 ], "texture": "#0", "cullface": "up" }
    }
},
{
    "from": [ 15, 15, 0 ],
    "to": [ 16, 16, 16 ],
    "faces": {
        "down":  { "uv": [ 0.99, 15.99, 0.01, 0.01 ], "texture": "#0" },
        "up":    { "uv": [ 15.01, 0.01, 15.99, 15.99 ], "texture": "#1", "cullface": "up" },
        "north": { "uv": [ 0.01, 0.01, 0.99, 0.99 ], "texture": "#0", "cullface": "north" },
        "south": { "uv": [ 15.01, 0.01, 15.99, 0.99 ], "texture": "#0", "cullface": "south" },
        "west":  { "uv": [ 0.01, 0.01, 15.99, 0.99 ], "texture": "#1", "cullface": "up" },
        "east":  { "uv": [ 0.01, 0.01, 15.99, 0.99 ], "texture": "#0", "cullface": "east" }
    }
},
{
    "from": [ 1, 15, 15 ],
    "to": [ 15, 16, 16 ],
    "faces": {
        "down":  { "uv": [ 14.99, 15.99, 1.01, 15.01 ], "texture": "#0" },
        "up":    { "uv": [ 1.01, 15.01, 14.99, 15.99 ], "texture": "#1", "cullface": "up" },
        "north": { "uv": [ 1.01, 0.01, 14.99, 0.99 ], "texture": "#0", "cullface": "up" },
        "south": { "uv": [ 1.01, 0.01, 14.99, 0.99 ], "texture": "#0", "cullface": "south" }
    }
},
{
    "from": [ 1, 0, 15 ],
    "to": [ 15, 1, 16 ],
    "faces": {
        "down":  { "uv": [ 14.99, 15.99, 1.01, 15.01 ], "texture": "#0", "cullface": "down" },
        "up":    { "uv": [ 1.01, 15.01, 14.99, 15.99 ], "texture": "#0" },
        "north": { "uv": [ 1.01, 15.01, 14.99, 15.99 ], "texture": "#0", "cullface": "down" },
        "south": { "uv": [ 1.01, 15.01, 14.99, 15.99 ], "texture": "#0", "cullface": "south" }
    }
},
{
    "from": [ 0, 0, 0 ],
    "to": [ 1, 1, 16 ],
    "faces": {
        "down":  { "uv": [ 15.99, 15.99, 15.01, 0.01 ], "texture": "#0", "cullface": "down" },
        "up":    { "uv": [ 0.01, 0.01, 0.99, 15.99 ], "texture": "#0" },
        "north": { "uv": [ 15.01, 15.01, 15.99, 15.99 ], "texture": "#0", "cullface": "north" },
        "south": { "uv": [ 0.01, 15.01, 0.99, 15.99 ], "texture": "#0", "cullface": "south" },
        "west":  { "uv": [ 0.01, 15.01, 15.99, 15.99 ], "texture": "#0", "cullface": "west" },
        "east":  { "uv": [ 0.01, 15.01, 15.99, 15.99 ], "texture": "#0", "cullface": "down" }
    }
},
{
    "from": [ 15, 0, 0 ],
    "to": [ 16, 1, 16 ],
    "faces": {
        "down":  { "uv": [ 0.99, 15.99, 0.01, 0.01 ], "texture": "#0", "cullface": "down" },
        "up":    { "uv": [ 15.01, 0.01, 15.99, 15.99 ], "texture": "#0" },
        "north": { "uv": [ 0.01, 15.01, 0.99, 15.99 ], "texture": "#0", "cullface": "north" },
        "south": { "uv": [ 15.01, 15.01, 15.99, 15.99 ], "texture": "#0", "cullface": "south" },
        "west":  { "uv": [ 0.01, 15.01, 15.99, 15.99 ], "texture": "#0", "cullface": "down" },
        "east":  { "uv": [ 0.01, 15.01, 15.99, 15.99 ], "texture": "#0", "cullface": "east" }
    }
},
{
    "from": [ 1, 0, 0 ],
    "to": [ 15, 1, 1 ],
    "faces": {
        "down":  { "uv": [ 14.99, 0.99, 1.01, 0.01 ], "texture": "#0", "cullface": "down" },
        "up":    { "uv": [ 1.01, 0.01, 14.99, 0.99 ], "texture": "#0" },
        "north": { "uv": [ 1.01, 15.01, 14.99, 15.99 ], "texture": "#0", "cullface": "north" },
        "south": { "uv": [ 1.01, 15.01, 14.99, 15.99 ], "texture": "#0", "cullface": "down" }
    }
},
{
    "from": [ 0, 1, 15 ],
    "to": [ 1, 15, 16 ],
    "faces": {
        "north": { "uv": [ 15.01, 1.01, 15.99, 14.99 ], "texture": "#0" },
        "south": { "uv": [ 0.01, 1.01, 0.99, 14.99 ], "texture": "#0", "cullface": "south" },
        "west":  { "uv": [ 15.01, 1.01, 15.99, 14.99 ], "texture": "#0", "cullface": "west" },
        "east":  { "uv": [ 0.01, 1.01, 0.99, 14.99 ], "texture": "#0" }
    }
},
{
    "from": [ 15, 1, 0 ],
    "to": [ 16, 15, 1 ],
    "faces": {
        "north": { "uv": [ 0.01, 1.01, 0.99, 14.99 ], "texture": "#0", "cullface": "north" },
        "south": { "uv": [ 15.01, 1.01, 15.99, 14.99 ], "texture": "#0" },
        "west":  { "uv": [ 0.01, 1.01, 0.99, 14.99 ], "texture": "#0" },
        "east":  { "uv": [ 15.01, 1.01, 15.99, 14.99 ], "texture": "#0", "cullface": "east" }
    }
},
{
    "from": [ 0, 1, 0 ],
    "to": [ 1, 15, 1 ],
    "faces": {
        "north": { "uv": [ 15.01, 1.01, 15.99, 14.99 ], "texture": "#0", "cullface": "north" },
        "south": { "uv": [ 0.01, 1.01, 0.99, 14.99 ], "texture": "#0" },
        "west":  { "uv": [ 0.01, 1.01, 0.99, 14.99 ], "texture": "#0", "cullface": "west" },
        "east":  { "uv": [ 15.01, 1.01, 15.99, 14.99 ], "texture": "#0" }
    }
},
{
    "from": [ 15, 1, 15 ],
    "to": [ 16, 15, 16 ],
    "faces": {
        "north": { "uv": [ 0.01, 1.01, 0.99, 14.99 ], "texture": "#0" },
        "south": { "uv": [ 15.01, 1.01, 15.99, 14.99 ], "texture": "#0", "cullface": "south" },
        "west":  { "uv": [ 15.01, 1.01, 15.99, 14.99 ], "texture": "#0" },
        "east":  { "uv": [ 0.01, 1.01, 0.99, 14.99 ], "texture": "#0", "cullface": "east" }
    }
}
]
}