{
"__comment": "Designed by - with BDcraft Cubik PRO 0.95 Beta - http://bdcraft.net",
"elements": [ 
{
    "__comment": "glass",
    "from": [ 0.01, 0.01, 0.01 ],
    "to": [ 15.99, 15.99, 15.99 ],
    "faces": {
        "north": { "uv": [ 0.011, 0.011, 15.749, 15.749 ], "texture": "#glass", "cullface": "north" },
        "south": { "uv": [ 0.011, 0.011, 15.749, 15.749 ], "texture": "#glass", "cullface": "south" },
        "west":  { "uv": [ 0.011, 0.011, 15.749, 15.749 ], "texture": "#glass", "cullface": "west" },
        "east":  { "uv": [ 0.011, 0.011, 15.749, 15.749 ], "texture": "#glass", "cullface": "east" }
    }
}
]
}