{
"__comment": "Designed by - with BDcraft Cubik PRO 0.95 Beta - http://bdcraft.net",
    "parent": "enderio:block/transform/block",
"elements": [ 
{
    "from": [ 0.99, 0.99, 0.99 ],
    "to": [ 15.99, 15.99, 15.99 ],
    "faces": {
        "down":  { "uv": [ 15.99, 15.99, 0.99, 0.99 ], "texture": "#texture", "cullface": "down" },
        "up":    { "uv": [ 0.99, 0.99, 15.99, 15.99 ], "texture": "#texture", "cullface": "up" },
        "north": { "uv": [ 0.99, 0.99, 15.99, 15.99 ], "texture": "#texture", "cullface": "north" },
        "south": { "uv": [ 0.99, 0.99, 15.99, 15.99 ], "texture": "#texture", "cullface": "south" },
        "west":  { "uv": [ 0.99, 0.99, 15.99, 15.99 ], "texture": "#texture", "cullface": "west" },
        "east":  { "uv": [ 0.99, 0.99, 15.99, 15.99 ], "texture": "#texture", "cullface": "east" }
    }
}
]
}