{
"__comment": "Model generated using MrCrayfish's Model Creator (http://mrcrayfish.com/modelcreator/)",
"elements": [ 
{
    "from": [ 2, 1, 2 ],
    "to": [ 14, 15, 14 ],
    "faces": {
        "down":  { "uv": [ 0.01, 0.01, 15.99, 15.99 ], "texture": "#0" },
        "up":    { "uv": [ 0.01, 0.01, 15.99, 15.99 ], "texture": "#0" },
        "north": { "uv": [ 0.01, 0.01, 15.99, 15.99 ], "texture": "#0" },
        "south": { "uv": [ 0.01, 0.01, 15.99, 15.99 ], "texture": "#0" },
        "west":  { "uv": [ 0.01, 0.01, 15.99, 15.99 ], "texture": "#0" },
        "east":  { "uv": [ 0.01, 0.01, 15.99, 15.99 ], "texture": "#0" }
    }
},
{
    "from": [ 4, 4, 1 ],
    "to": [ 12, 12, 15 ],
    "faces": {
        "down":  { "uv": [ 11.99, 15.99, 4.01, 0.01 ], "texture": "#0" },
        "up":    { "uv": [ 4.01, 0.01, 11.99, 15.99 ], "texture": "#0" },
        "north": { "uv": [ 0.01, 0.01, 15.99, 15.99 ], "texture": "#3" },
        "south": { "uv": [ 0.01, 0.01, 15.99, 15.99 ], "texture": "#2" },
        "west":  { "uv": [ 0.01, 4.01, 15.99, 11.99 ], "texture": "#0" },
        "east":  { "uv": [ 0.01, 4.01, 15.99, 11.99 ], "texture": "#0" }
    }
},
{
    "from": [ 1, 4, 4 ],
    "to": [ 15, 12, 12 ],
    "faces": {
        "down":  { "uv": [ 15.99, 11.99, 0.01, 4.01 ], "texture": "#0" },
        "up":    { "uv": [ 0.01, 4.01, 15.99, 11.99 ], "texture": "#0" },
        "north": { "uv": [ 0.01, 4.01, 15.99, 11.99 ], "texture": "#0" },
        "south": { "uv": [ 0.01, 4.01, 15.99, 11.99 ], "texture": "#0" },
        "west":  { "uv": [ 0.01, 0.01, 15.99, 15.99 ], "texture": "#4" },
        "east":  { "uv": [ 0.01, 0.01, 15.99, 15.99 ], "texture": "#5" }
    }
}
]
}