{
    "__comment": "Model generated using MrCrayfish's Model Creator (http://mrcrayfish.com/modelcreator/)",
    "textures": {
        "0": "enderio:blocks/machineBottom",
        "1": "enderio:blocks/machineBottomSmaller",
        "2": "enderio:blocks/book"
    },
    "elements": [
        {
            "name": "Cube",
            "from": [ 0.0, 0.0, 0.0 ], 
            "to": [ 16.0, 2.0, 16.0 ], 
            "faces": {
                "north": { "texture": "#0", "uv": [ 0.0, 0.0, 16.0, 2.0 ] },
                "east": { "texture": "#0", "uv": [ 0.0, 0.0, 16.0, 2.0 ] },
                "south": { "texture": "#0", "uv": [ 0.0, 0.0, 16.0, 2.0 ] },
                "west": { "texture": "#0", "uv": [ 0.0, 0.0, 16.0, 2.0 ] },
                "up": { "texture": "#0", "uv": [ 0.0, 0.0, 16.0, 16.0 ] },
                "down": { "texture": "#0", "uv": [ 0.0, 0.0, 16.0, 16.0 ] }
            }
        },
        {
            "name": "Cube",
            "from": [ 2.0, 2.0, 2.0 ], 
            "to": [ 14.0, 4.0, 14.0 ], 
            "faces": {
                "north": { "texture": "#1", "uv": [ 2.0, 2.0, 14.0, 4.0 ] },
                "east": { "texture": "#1", "uv": [ 2.0, 2.0, 14.0, 4.0 ] },
                "south": { "texture": "#1", "uv": [ 2.0, 2.0, 14.0, 4.0 ] },
                "west": { "texture": "#1", "uv": [ 2.0, 2.0, 14.0, 4.0 ] },
                "up": { "texture": "#1", "uv": [ 2.0, 2.0, 14.0, 14.0 ] },
                "down": { "texture": "#1", "uv": [ 2.0, 2.0, 14.0, 14.0 ] }
            }
        },
        {
            "name": "Cube",
            "from": [ 6.0, 4.0, 6.0 ], 
            "to": [ 10.0, 12.0, 10.0 ], 
            "faces": {
                "north": { "texture": "#0", "uv": [ 8.0, 7.0, 12.0, 15.0 ] },
                "east": { "texture": "#0", "uv": [ 4.0, 7.0, 8.0, 15.0 ] },
                "south": { "texture": "#0", "uv": [ 6.0, 7.0, 10.0, 15.0 ] },
                "west": { "texture": "#0", "uv": [ 6.0, 7.0, 10.0, 15.0 ] },
                "up": { "texture": "#0", "uv": [ 6.0, 6.0, 10.0, 10.0 ] },
                "down": { "texture": "#0", "uv": [ 6.0, 6.0, 10.0, 10.0 ] }
            }
        },
        {
            "name": "Cube",
            "from": [ 2.0, 11.0, 2.0 ], 
            "to": [ 14.0, 13.0, 14.0 ], 
            "rotation": { "origin": [ 8.0, 12.0, 8.0 ], "axis": "x", "angle": -22.5 },
            "faces": {
                "north": { "texture": "#1", "uv": [ 2.0, 2.0, 14.0, 4.0 ] },
                "east": { "texture": "#1", "uv": [ 2.0, 2.0, 14.0, 4.0 ] },
                "south": { "texture": "#1", "uv": [ 2.0, 2.0, 14.0, 4.0 ] },
                "west": { "texture": "#1", "uv": [ 2.0, 2.0, 14.0, 4.0 ] },
                "up": { "texture": "#1", "uv": [ 2.0, 2.0, 14.0, 14.0 ] },
                "down": { "texture": "#1", "uv": [ 2.0, 2.0, 14.0, 14.0 ] }
            }
        },
        {
            "name": "Cube",
            "from": [ 3.0, 13.0, 3.0 ], 
            "to": [ 13.0, 14.0, 11.0 ], 
            "rotation": { "origin": [ 8.0, 14.49999999254942, 8.0 ], "axis": "x", "angle": -22.5 },
            "faces": {
                "north": { "texture": "#2", "uv": [ 4.0, 4.0, 9.0, 2.9999999999999996 ] },
                "east": { "texture": "#2", "uv": [ 5.0, 4.0, 6.0, 0.0 ], "rotation": 90 },
                "south": { "texture": "#2", "uv": [ 4.0, 3.0, 14.0, 4.0 ] },
                "west": { "texture": "#2", "uv": [ 7.0, 4.0, 8.0, 0.0 ], "rotation": 90 },
                "up": { "texture": "#2", "uv": [ 9.0, 0.0, 4.0, 4.0 ] },
                "down": { "texture": "#2", "uv": [ 9.0, 0.0, 4.0, 4.0 ] }
            }
        },
        {
            "name": "Cube",
            "from": [ 3.6999999955296516, 13.200000002980232, 3.800000011920929 ], 
            "to": [ 12.200000002980232, 14.50000000745058, 10.30000001937151 ], 
            "rotation": { "origin": [ 8.0, 14.199999995529652, 8.0 ], "axis": "x", "angle": -22.5 },
            "faces": {
                "north": { "texture": "#2", "uv": [ 4.0, 8.0, 9.0, 8.500000000000002 ] },
                "east": { "texture": "#2", "uv": [ 4.0, 8.0, 9.0, 8.500000000000002 ] },
                "south": { "texture": "#2", "uv": [ 4.0, 8.0, 9.0, 8.500000000000002 ] },
                "west": { "texture": "#2", "uv": [ 4.0, 8.0, 9.0, 8.500000000000002 ] },
                "up": { "texture": "#2", "uv": [ 4.0, 4.499999999999998, 9.0, 8.0 ] },
                "down": { "texture": "#2", "uv": [ 4.0, 4.500000000000002, 9.0, 8.0 ] }
            }
        }
    ]
}