{
    "parent": "block/block",
    "textures":{
        "particle":"enderio:blocks/machineBottom",
        "top":"enderio:blocks/machineTop",
        "bottom":"enderio:blocks/machineBottom",
        "side":"enderio:blocks/machineSide",
        "back":"enderio:blocks/machineBack",
        "frontframe":"enderio:blocks/machineSide"
    },
    "elements":[
        {
            "from":[
                0,
                0,
                0
            ],
            "to":[
                16,
                16,
                16
            ],
            "faces":{
                "down":{
                    "texture":"#bottom",
                    "cullface":"down"
                },
                "up":{
                    "texture":"#top",
                    "cullface":"up"
                },
                "north":{
                    "texture":"#back",
                    "cullface":"north"
                },
                "west":{
                    "texture":"#side",
                    "cullface":"west"
                },
                "east":{
                    "texture":"#side",
                    "cullface":"east"
                }
            }
        },
        {
            "from":[
                0,
                0,
                0
            ],
            "to":[
                1,
                16,
                1
            ],
            "faces":{
                "down":{
                    "texture":"#bottom",
                    "cullface":"down"
                },
                "up":{
                    "texture":"#top",
                    "cullface":"up"
                },
                "north":{
                    "texture":"#back",
                    "cullface":"north"
                },
                "south":{
                    "texture":"#frontframe",
                    "cullface":"west"
                },
                "west":{
                    "texture":"#side",
                    "cullface":"west"
                },
                "east":{
                    "texture":"#side",
                    "cullface":"north"
                }
            }
        },
        {
            "from":[
                15,
                0,
                0
            ],
            "to":[
                16,
                16,
                1
            ],
            "faces":{
                "down":{
                    "texture":"#bottom",
                    "cullface":"down"
                },
                "up":{
                    "texture":"#top",
                    "cullface":"up"
                },
                "north":{
                    "texture":"#back",
                    "cullface":"north"
                },
                "south":{
                    "texture":"#frontframe",
                    "cullface":"east"
                },
                "west":{
                    "texture":"#side",
                    "cullface":"north"
                },
                "east":{
                    "texture":"#side",
                    "cullface":"east"
                }
            }
        },
        {
            "from":[
                15,
                0,
                15
            ],
            "to":[
                16,
                16,
                16
            ],
            "faces":{
                "down":{
                    "texture":"#bottom",
                    "cullface":"down"
                },
                "up":{
                    "texture":"#top",
                    "cullface":"up"
                },
                "north":{
                    "texture":"#back",
                    "cullface":"east"
                },
                "south":{
                    "texture":"#frontframe",
                    "cullface":"south"
                },
                "west":{
                    "texture":"#side",
                    "cullface":"south"
                },
                "east":{
                    "texture":"#side",
                    "cullface":"east"
                }
            }
        },
        {
            "from":[
                0,
                0,
                15
            ],
            "to":[
                1,
                16,
                16
            ],
            "faces":{
                "down":{
                    "texture":"#bottom",
                    "cullface":"down"
                },
                "up":{
                    "texture":"#top",
                    "cullface":"up"
                },
                "north":{
                    "texture":"#back",
                    "cullface":"west"
                },
                "south":{
                    "texture":"#frontframe",
                    "cullface":"south"
                },
                "west":{
                    "texture":"#side",
                    "cullface":"west"
                },
                "east":{
                    "texture":"#side",
                    "cullface":"south"
                }
            }
        },
        {
            "from":[
                1,
                0,
                0
            ],
            "to":[
                15,
                1,
                1
            ],
            "faces":{
                "down":{
                    "texture":"#bottom",
                    "cullface":"down"
                },
                "up":{
                    "texture":"#top",
                    "cullface":"north"
                },
                "north":{
                    "texture":"#back",
                    "cullface":"north"
                },
                "south":{
                    "texture":"#frontframe",
                    "cullface":"down"
                }
            }
        },
        {
            "from":[
                1,
                15,
                0
            ],
            "to":[
                15,
                16,
                1
            ],
            "faces":{
                "down":{
                    "texture":"#bottom",
                    "cullface":"north"
                },
                "up":{
                    "texture":"#top",
                    "cullface":"up"
                },
                "north":{
                    "texture":"#back",
                    "cullface":"north"
                },
                "south":{
                    "texture":"#frontframe",
                    "cullface":"up"
                }
            }
        },
        {
            "from":[
                1,
                0,
                15
            ],
            "to":[
                15,
                1,
                16
            ],
            "faces":{
                "down":{
                    "texture":"#bottom",
                    "cullface":"down"
                },
                "up":{
                    "texture":"#top",
                    "cullface":"south"
                },
                "north":{
                    "texture":"#back",
                    "cullface":"down"
                },
                "south":{
                    "texture":"#frontframe",
                    "cullface":"south"
                }
            }
        },
        {
            "from":[
                1,
                15,
                15
            ],
            "to":[
                15,
                16,
                16
            ],
            "faces":{
                "down":{
                    "texture":"#bottom",
                    "cullface":"south"
                },
                "up":{
                    "texture":"#top",
                    "cullface":"up"
                },
                "north":{
                    "texture":"#back",
                    "cullface":"up"
                },
                "south":{
                    "texture":"#frontframe",
                    "cullface":"south"
                }
            }
        },
        {
            "from":[
                0,
                0,
                1
            ],
            "to":[
                1,
                1,
                15
            ],
            "faces":{
                "down":{
                    "texture":"#bottom",
                    "cullface":"down"
                },
                "up":{
                    "texture":"#top",
                    "cullface":"west"
                },
                "west":{
                    "texture":"#side",
                    "cullface":"west"
                },
                "east":{
                    "texture":"#side",
                    "cullface":"down"
                }
            }
        },
        {
            "from":[
                0,
                15,
                1
            ],
            "to":[
                1,
                16,
                15
            ],
            "faces":{
                "down":{
                    "texture":"#bottom",
                    "cullface":"west"
                },
                "up":{
                    "texture":"#top",
                    "cullface":"up"
                },
                "west":{
                    "texture":"#side",
                    "cullface":"west"
                },
                "east":{
                    "texture":"#side",
                    "cullface":"up"
                }
            }
        },
        {
            "from":[
                15,
                0,
                1
            ],
            "to":[
                16,
                1,
                15
            ],
            "faces":{
                "down":{
                    "texture":"#bottom",
                    "cullface":"down"
                },
                "up":{
                    "texture":"#top",
                    "cullface":"east"
                },
                "west":{
                    "texture":"#side",
                    "cullface":"down"
                },
                "east":{
                    "texture":"#side",
                    "cullface":"east"
                }
            }
        },
        {
            "from":[
                15,
                15,
                1
            ],
            "to":[
                16,
                16,
                15
            ],
            "faces":{
                "down":{
                    "texture":"#bottom",
                    "cullface":"east"
                },
                "up":{
                    "texture":"#top",
                    "cullface":"up"
                },
                "west":{
                    "texture":"#side",
                    "cullface":"up"
                },
                "east":{
                    "texture":"#side",
                    "cullface":"east"
                }
            }
        }
    ]
}