{
    "__comment": "Model generated using MrCrayfish's Model Creator (http://mrcrayfish.com/modelcreator/)",
    "textures": {
        "0": "blocks/machineBottom"
    },
    "elements": [
        {
            "name": "Cube",
            "from": [ 2.0, 2.0, 2.0 ], 
            "to": [ 14.0, 14.0, 14.0 ], 
            "faces": {
                "north": { "texture": "#0", "uv": [ 2.0, 2.0, 14.0, 14.0 ] },
                "east": { "texture": "#0", "uv": [ 2.0, 2.0, 14.0, 14.0 ] },
                "south": { "texture": "#0", "uv": [ 2.0, 2.0, 14.0, 14.0 ] },
                "west": { "texture": "#0", "uv": [ 2.0, 2.0, 14.0, 14.0 ] },
                "up": { "texture": "#0", "uv": [ 2.0, 2.0, 14.0, 14.0 ] },
                "down": { "texture": "#0", "uv": [ 2.0, 2.0, 14.0, 14.0 ] }
            }
        }
    ]
}