{
  "elements": [
    {
      "__comment": "north_west_down",
      "from": [ 0, 0, 0 ],
      "to": [ 1, 2.5, 1 ],
      "faces": {
        "up":    { "uv": [ 0, 0, 1, 1 ], "texture": "#side" },
        "north": { "uv": [ 15, 13.5, 16, 16 ], "texture": "#side", "cullface": "north" },
        "south": { "uv": [ 0, 13.5, 1, 16 ], "texture": "#side" },
        "west":  { "uv": [ 0, 13.5, 1, 16 ], "texture": "#side", "cullface": "west" },
        "east":  { "uv": [ 15, 13.5, 16, 16 ], "texture": "#side" }
      }
    }
  ]
}
