{
    "__comment": "Model generated using MrCrayfish's Model Creator (http://mrcrayfish.com/modelcreator/)",
    "textures": {
        "0": "enderio:blocks/transceiverModel"
    },
    "elements": [
        {
            "name": "Cube",
            "from": [ 13.0, 13.0, 0.0 ], 
            "to": [ 16.0, 16.0, 3.0 ], 
            "faces": {
                "north": { "texture": "#0", "uv": [ 0.0, 3.0, 3.0, 0.0 ] },
                "east": { "texture": "#0", "uv": [ 0.0, 0.0, 3.0, 3.0 ] },
                "south": { "texture": "#0", "uv": [ 0.0, 0.0, 3.0, 3.0 ] },
                "west": { "texture": "#0", "uv": [ 0.0, 0.0, 3.0, 3.0 ] },
                "up": { "texture": "#0", "uv": [ 0.0, 0.0, 3.0, 3.0 ] },
                "down": { "texture": "#0", "uv": [ 0.0, 0.0, 3.0, 3.0 ] }
            }
        },
        {
            "name": "Cube",
            "from": [ 0.0, 0.0, 0.0 ], 
            "to": [ 3.0, 3.0, 3.0 ], 
            "faces": {
                "north": { "texture": "#0", "uv": [ 0.0, 3.0, 3.0, 0.0 ] },
                "east": { "texture": "#0", "uv": [ 0.0, 0.0, 3.0, 3.0 ] },
                "south": { "texture": "#0", "uv": [ 0.0, 0.0, 3.0, 3.0 ] },
                "west": { "texture": "#0", "uv": [ 0.0, 0.0, 3.0, 3.0 ] },
                "up": { "texture": "#0", "uv": [ 0.0, 0.0, 3.0, 3.0 ] },
                "down": { "texture": "#0", "uv": [ 0.0, 0.0, 3.0, 3.0 ] }
            }
        },
        {
            "name": "Cube",
            "from": [ 0.0, 0.0, 13.0 ], 
            "to": [ 3.0, 3.0, 16.0 ], 
            "faces": {
                "north": { "texture": "#0", "uv": [ 0.0, 3.0, 3.0, 0.0 ] },
                "east": { "texture": "#0", "uv": [ 0.0, 0.0, 3.0, 3.0 ] },
                "south": { "texture": "#0", "uv": [ 0.0, 0.0, 3.0, 3.0 ] },
                "west": { "texture": "#0", "uv": [ 0.0, 0.0, 3.0, 3.0 ] },
                "up": { "texture": "#0", "uv": [ 0.0, 0.0, 3.0, 3.0 ] },
                "down": { "texture": "#0", "uv": [ 0.0, 0.0, 3.0, 3.0 ] }
            }
        },
        {
            "name": "Cube",
            "from": [ 13.0, 0.0, 13.0 ], 
            "to": [ 16.0, 3.0, 16.0 ], 
            "faces": {
                "north": { "texture": "#0", "uv": [ 0.0, 3.0, 3.0, 0.0 ] },
                "east": { "texture": "#0", "uv": [ 0.0, 0.0, 3.0, 3.0 ] },
                "south": { "texture": "#0", "uv": [ 0.0, 0.0, 3.0, 3.0 ] },
                "west": { "texture": "#0", "uv": [ 0.0, 0.0, 3.0, 3.0 ] },
                "up": { "texture": "#0", "uv": [ 0.0, 0.0, 3.0, 3.0 ] },
                "down": { "texture": "#0", "uv": [ 0.0, 0.0, 3.0, 3.0 ] }
            }
        },
        {
            "name": "Cube",
            "from": [ 13.0, 0.0, 0.0 ], 
            "to": [ 16.0, 3.0, 3.0 ], 
            "faces": {
                "north": { "texture": "#0", "uv": [ 0.0, 3.0, 3.0, 0.0 ] },
                "east": { "texture": "#0", "uv": [ 0.0, 0.0, 3.0, 3.0 ] },
                "south": { "texture": "#0", "uv": [ 0.0, 0.0, 3.0, 3.0 ] },
                "west": { "texture": "#0", "uv": [ 0.0, 0.0, 3.0, 3.0 ] },
                "up": { "texture": "#0", "uv": [ 0.0, 0.0, 3.0, 3.0 ] },
                "down": { "texture": "#0", "uv": [ 0.0, 0.0, 3.0, 3.0 ] }
            }
        },
        {
            "name": "Cube",
            "from": [ 0.0, 13.0, 0.0 ], 
            "to": [ 3.0, 16.0, 3.0 ], 
            "faces": {
                "north": { "texture": "#0", "uv": [ 0.0, 3.0, 3.0, 0.0 ] },
                "east": { "texture": "#0", "uv": [ 0.0, 0.0, 3.0, 3.0 ] },
                "south": { "texture": "#0", "uv": [ 0.0, 0.0, 3.0, 3.0 ] },
                "west": { "texture": "#0", "uv": [ 0.0, 0.0, 3.0, 3.0 ] },
                "up": { "texture": "#0", "uv": [ 0.0, 0.0, 3.0, 3.0 ] },
                "down": { "texture": "#0", "uv": [ 0.0, 0.0, 3.0, 3.0 ] }
            }
        },
        {
            "name": "Cube",
            "from": [ 0.0, 13.0, 13.0 ], 
            "to": [ 3.0, 16.0, 16.0 ], 
            "faces": {
                "north": { "texture": "#0", "uv": [ 0.0, 3.0, 3.0, 0.0 ] },
                "east": { "texture": "#0", "uv": [ 0.0, 0.0, 3.0, 3.0 ] },
                "south": { "texture": "#0", "uv": [ 0.0, 0.0, 3.0, 3.0 ] },
                "west": { "texture": "#0", "uv": [ 0.0, 0.0, 3.0, 3.0 ] },
                "up": { "texture": "#0", "uv": [ 0.0, 0.0, 3.0, 3.0 ] },
                "down": { "texture": "#0", "uv": [ 0.0, 0.0, 3.0, 3.0 ] }
            }
        },
        {
            "name": "Cube",
            "from": [ 13.0, 13.0, 13.0 ], 
            "to": [ 16.0, 16.0, 16.0 ], 
            "faces": {
                "north": { "texture": "#0", "uv": [ 0.0, 3.0, 3.0, 0.0 ] },
                "east": { "texture": "#0", "uv": [ 0.0, 0.0, 3.0, 3.0 ] },
                "south": { "texture": "#0", "uv": [ 0.0, 0.0, 3.0, 3.0 ] },
                "west": { "texture": "#0", "uv": [ 0.0, 0.0, 3.0, 3.0 ] },
                "up": { "texture": "#0", "uv": [ 0.0, 0.0, 3.0, 3.0 ] },
                "down": { "texture": "#0", "uv": [ 0.0, 0.0, 3.0, 3.0 ] }
            }
        },
        {
            "name": "Bar",
            "from": [ 3.0, 1.0, 13.0 ], 
            "to": [ 13.0, 3.0, 15.0 ], 
            "faces": {
                "north": { "texture": "#0", "uv": [ 2.0, 14.0, 12.0, 16.0 ] },
                "east": { "texture": "#0", "uv": [ 0.0, 0.0, 2.0, 2.0 ] },
                "south": { "texture": "#0", "uv": [ 0.0, 11.0, 10.0, 9.0 ] },
                "west": { "texture": "#0", "uv": [ 0.0, 0.0, 2.0, 2.0 ] },
                "up": { "texture": "#0", "uv": [ 2.0, 12.0, 12.0, 14.0 ] },
                "down": { "texture": "#0", "uv": [ 0.0, 9.0, 10.0, 11.0 ] }
            }
        },
        {
            "name": "Cube",
            "from": [ 3.0, 1.0, 1.0 ], 
            "to": [ 13.0, 3.0, 3.0 ], 
            "faces": {
                "north": { "texture": "#0", "uv": [ 0.0, 11.0, 10.0, 9.0 ] },
                "east": { "texture": "#0", "uv": [ 0.0, 0.0, 2.0, 2.0 ] },
                "south": { "texture": "#0", "uv": [ 2.0, 10.0, 12.0, 12.0 ] },
                "west": { "texture": "#0", "uv": [ 0.0, 0.0, 2.0, 2.0 ] },
                "up": { "texture": "#0", "uv": [ 2.0, 12.0, 12.0, 14.0 ] },
                "down": { "texture": "#0", "uv": [ 0.0, 11.0, 10.0, 9.0 ] }
            }
        },
        {
            "name": "Cube",
            "from": [ 3.0, 13.0, 1.0 ], 
            "to": [ 13.0, 15.0, 3.0 ], 
            "faces": {
                "north": { "texture": "#0", "uv": [ 0.0, 9.0, 10.0, 11.0 ] },
                "east": { "texture": "#0", "uv": [ 0.0, 0.0, 2.0, 2.0 ] },
                "south": { "texture": "#0", "uv": [ 2.0, 10.0, 12.0, 12.0 ] },
                "west": { "texture": "#0", "uv": [ 0.0, 0.0, 2.0, 2.0 ] },
                "up": { "texture": "#0", "uv": [ 0.0, 9.0, 10.0, 11.0 ] },
                "down": { "texture": "#0", "uv": [ 2.0, 14.0, 12.0, 16.0 ] }
            }
        },
        {
            "name": "Cube",
            "from": [ 3.0, 13.0, 13.0 ], 
            "to": [ 13.0, 15.0, 15.0 ], 
            "faces": {
                "north": { "texture": "#0", "uv": [ 2.0, 14.0, 12.0, 16.0 ] },
                "east": { "texture": "#0", "uv": [ 0.0, 0.0, 2.0, 2.0 ] },
                "south": { "texture": "#0", "uv": [ 0.0, 9.0, 10.0, 11.0 ] },
                "west": { "texture": "#0", "uv": [ 0.0, 0.0, 2.0, 2.0 ] },
                "up": { "texture": "#0", "uv": [ 0.0, 11.0, 10.0, 9.0 ] },
                "down": { "texture": "#0", "uv": [ 2.0, 14.0, 12.0, 16.0 ] }
            }
        },
        {
            "name": "Cube",
            "from": [ 1.0, 13.0, 3.0 ], 
            "to": [ 3.0, 15.0, 13.0 ], 
            "faces": {
                "north": { "texture": "#0", "uv": [ 0.0, 0.0, 2.0, 2.0 ] },
                "east": { "texture": "#0", "uv": [ 0.0, 10.0, 10.0, 12.0 ] },
                "south": { "texture": "#0", "uv": [ 0.0, 0.0, 2.0, 2.0 ] },
                "west": { "texture": "#0", "uv": [ 0.0, 9.0, 10.0, 11.0 ] },
                "up": { "texture": "#0", "uv": [ 15.0, 0.0, 13.0, 10.0 ] },
                "down": { "texture": "#0", "uv": [ 14.0, 0.0, 12.0, 10.0 ] }
            }
        },
        {
            "name": "Cube",
            "from": [ 1.0, 1.0, 3.0 ], 
            "to": [ 3.0, 3.0, 13.0 ], 
            "faces": {
                "north": { "texture": "#0", "uv": [ 0.0, 0.0, 2.0, 2.0 ] },
                "east": { "texture": "#0", "uv": [ 0.0, 10.0, 10.0, 12.0 ] },
                "south": { "texture": "#0", "uv": [ 0.0, 0.0, 2.0, 2.0 ] },
                "west": { "texture": "#0", "uv": [ 0.0, 11.0, 10.0, 9.0 ] },
                "up": { "texture": "#0", "uv": [ 12.0, 0.0, 10.0, 10.0 ] },
                "down": { "texture": "#0", "uv": [ 15.0, 0.0, 13.0, 10.0 ] }
            }
        },
        {
            "name": "Cube",
            "from": [ 13.0, 1.0, 3.0 ], 
            "to": [ 15.0, 3.0, 13.0 ], 
            "faces": {
                "north": { "texture": "#0", "uv": [ 0.0, 0.0, 2.0, 2.0 ] },
                "east": { "texture": "#0", "uv": [ 0.0, 11.0, 10.0, 9.0 ] },
                "south": { "texture": "#0", "uv": [ 0.0, 0.0, 2.0, 2.0 ] },
                "west": { "texture": "#0", "uv": [ 2.0, 12.0, 12.0, 14.0 ] },
                "up": { "texture": "#0", "uv": [ 10.0, 0.0, 12.0, 10.0 ] },
                "down": { "texture": "#0", "uv": [ 13.0, 0.0, 15.0, 10.0 ] }
            }
        },
        {
            "name": "Cube",
            "from": [ 13.0, 13.0, 3.0 ], 
            "to": [ 15.0, 15.0, 13.0 ], 
            "faces": {
                "north": { "texture": "#0", "uv": [ 0.0, 0.0, 2.0, 2.0 ] },
                "east": { "texture": "#0", "uv": [ 0.0, 9.0, 10.0, 11.0 ] },
                "south": { "texture": "#0", "uv": [ 0.0, 0.0, 2.0, 2.0 ] },
                "west": { "texture": "#0", "uv": [ 2.0, 12.0, 12.0, 14.0 ] },
                "up": { "texture": "#0", "uv": [ 13.0, 0.0, 15.0, 10.0 ] },
                "down": { "texture": "#0", "uv": [ 12.0, 0.0, 14.0, 10.0 ] }
            }
        },
        {
            "name": "Cube",
            "from": [ 13.0, 3.0, 1.0 ], 
            "to": [ 15.0, 13.0, 3.0 ], 
            "faces": {
                "north": { "texture": "#0", "uv": [ 15.0, 0.0, 13.0, 10.0 ] },
                "east": { "texture": "#0", "uv": [ 13.0, 0.0, 15.0, 10.0 ] },
                "south": { "texture": "#0", "uv": [ 12.0, 0.0, 14.0, 10.0 ] },
                "west": { "texture": "#0", "uv": [ 10.0, 0.0, 12.0, 10.0 ] },
                "up": { "texture": "#0", "uv": [ 0.0, 0.0, 2.0, 2.0 ] },
                "down": { "texture": "#0", "uv": [ 0.0, 0.0, 2.0, 2.0 ] }
            }
        },
        {
            "name": "Cube",
            "from": [ 1.0, 3.0, 1.0 ], 
            "to": [ 3.0, 13.0, 3.0 ], 
            "faces": {
                "north": { "texture": "#0", "uv": [ 13.0, 0.0, 15.0, 10.0 ] },
                "east": { "texture": "#0", "uv": [ 12.0, 0.0, 14.0, 10.0 ] },
                "south": { "texture": "#0", "uv": [ 12.0, 0.0, 14.0, 10.0 ] },
                "west": { "texture": "#0", "uv": [ 15.0, 0.0, 13.0, 10.0 ] },
                "up": { "texture": "#0", "uv": [ 0.0, 0.0, 2.0, 2.0 ] },
                "down": { "texture": "#0", "uv": [ 0.0, 0.0, 2.0, 2.0 ] }
            }
        },
        {
            "name": "Cube",
            "from": [ 1.0, 3.0, 13.0 ], 
            "to": [ 3.0, 13.0, 15.0 ], 
            "faces": {
                "north": { "texture": "#0", "uv": [ 10.0, 0.0, 12.0, 10.0 ] },
                "east": { "texture": "#0", "uv": [ 12.0, 0.0, 14.0, 10.0 ] },
                "south": { "texture": "#0", "uv": [ 15.0, 0.0, 13.0, 10.0 ] },
                "west": { "texture": "#0", "uv": [ 13.0, 0.0, 15.0, 10.0 ] },
                "up": { "texture": "#0", "uv": [ 0.0, 0.0, 2.0, 2.0 ] },
                "down": { "texture": "#0", "uv": [ 0.0, 0.0, 2.0, 2.0 ] }
            }
        },
        {
            "name": "Cube",
            "from": [ 13.0, 3.0, 13.0 ], 
            "to": [ 15.0, 13.0, 15.0 ], 
            "faces": {
                "north": { "texture": "#0", "uv": [ 10.0, 0.0, 12.0, 10.0 ] },
                "east": { "texture": "#0", "uv": [ 15.0, 0.0, 13.0, 10.0 ] },
                "south": { "texture": "#0", "uv": [ 13.0, 0.0, 15.0, 10.0 ] },
                "west": { "texture": "#0", "uv": [ 10.0, 0.0, 12.0, 10.0 ] },
                "up": { "texture": "#0", "uv": [ 0.0, 0.0, 2.0, 2.0 ] },
                "down": { "texture": "#0", "uv": [ 0.0, 0.0, 2.0, 2.0 ] }
            }
        },
        {
            "name": "Cube",
            "from": [ 5.0, 13.0, 5.0 ], 
            "to": [ 11.0, 16.0, 11.0 ], 
            "faces": {
                "north": { "texture": "#0", "uv": [ 3.0, 0.0, 9.0, 3.0 ] },
                "east": { "texture": "#0", "uv": [ 3.0, 0.0, 9.0, 3.0 ] },
                "south": { "texture": "#0", "uv": [ 3.0, 0.0, 9.0, 3.0 ] },
                "west": { "texture": "#0", "uv": [ 3.0, 0.0, 9.0, 3.0 ] },
                "up": { "texture": "#0", "uv": [ 3.0, 3.0, 9.0, 9.0 ] },
                "down": { "texture": "#0", "uv": [ 3.0, 3.0, 9.0, 9.0 ] }
            }
        },
        {
            "name": "Cube",
            "from": [ 5.0, 0.0, 5.0 ], 
            "to": [ 11.0, 3.0, 11.0 ], 
            "faces": {
                "north": { "texture": "#0", "uv": [ 3.0, 0.0, 9.0, 3.0 ] },
                "east": { "texture": "#0", "uv": [ 3.0, 0.0, 9.0, 3.0 ] },
                "south": { "texture": "#0", "uv": [ 3.0, 0.0, 9.0, 3.0 ] },
                "west": { "texture": "#0", "uv": [ 3.0, 0.0, 9.0, 3.0 ] },
                "up": { "texture": "#0", "uv": [ 3.0, 3.0, 9.0, 9.0 ] },
                "down": { "texture": "#0", "uv": [ 3.0, 3.0, 9.0, 9.0 ] }
            }
        },
        {
            "name": "Cube",
            "from": [ 13.0, 5.0, 5.0 ], 
            "to": [ 16.0, 11.0, 11.0 ], 
            "faces": {
                "north": { "texture": "#0", "uv": [ 3.0, 0.0, 9.0, 3.0 ], "rotation": 90 },
                "east": { "texture": "#0", "uv": [ 3.0, 3.0, 9.0, 9.0 ] },
                "south": { "texture": "#0", "uv": [ 3.0, 0.0, 9.0, 3.0 ], "rotation": 90 },
                "west": { "texture": "#0", "uv": [ 3.0, 3.0, 9.0, 9.0 ] },
                "up": { "texture": "#0", "uv": [ 3.0, 0.0, 9.0, 3.0 ], "rotation": 90 },
                "down": { "texture": "#0", "uv": [ 3.0, 0.0, 9.0, 3.0 ], "rotation": 90 }
            }
        },
        {
            "name": "Cube",
            "from": [ 0.0, 5.0, 5.0 ], 
            "to": [ 3.0, 11.0, 11.0 ], 
            "faces": {
                "north": { "texture": "#0", "uv": [ 3.0, 0.0, 9.0, 3.0 ], "rotation": 90 },
                "east": { "texture": "#0", "uv": [ 3.0, 3.0, 9.0, 9.0 ] },
                "south": { "texture": "#0", "uv": [ 3.0, 0.0, 9.0, 3.0 ], "rotation": 90 },
                "west": { "texture": "#0", "uv": [ 3.0, 3.0, 9.0, 9.0 ] },
                "up": { "texture": "#0", "uv": [ 3.0, 0.0, 9.0, 3.0 ], "rotation": 90 },
                "down": { "texture": "#0", "uv": [ 3.0, 0.0, 9.0, 3.0 ], "rotation": 90 }
            }
        },
        {
            "name": "Cube",
            "from": [ 5.0, 5.0, 0.0 ], 
            "to": [ 11.0, 11.0, 3.0 ], 
            "faces": {
                "north": { "texture": "#0", "uv": [ 3.0, 3.0, 9.0, 9.0 ] },
                "east": { "texture": "#0", "uv": [ 3.0, 0.0, 9.0, 3.0 ], "rotation": 90 },
                "south": { "texture": "#0", "uv": [ 3.0, 3.0, 9.0, 9.0 ] },
                "west": { "texture": "#0", "uv": [ 3.0, 0.0, 9.0, 3.0 ], "rotation": 90 },
                "up": { "texture": "#0", "uv": [ 3.0, 0.0, 9.0, 3.0 ] },
                "down": { "texture": "#0", "uv": [ 3.0, 0.0, 9.0, 3.0 ] }
            }
        },
        {
            "name": "Cube",
            "from": [ 5.0, 5.0, 13.0 ], 
            "to": [ 11.0, 11.0, 16.0 ], 
            "faces": {
                "north": { "texture": "#0", "uv": [ 3.0, 3.0, 9.0, 9.0 ] },
                "east": { "texture": "#0", "uv": [ 3.0, 0.0, 9.0, 3.0 ], "rotation": 90 },
                "south": { "texture": "#0", "uv": [ 3.0, 3.0, 9.0, 9.0 ] },
                "west": { "texture": "#0", "uv": [ 3.0, 0.0, 9.0, 3.0 ], "rotation": 90 },
                "up": { "texture": "#0", "uv": [ 3.0, 0.0, 9.0, 3.0 ] },
                "down": { "texture": "#0", "uv": [ 3.0, 0.0, 9.0, 3.0 ] }
            }
        }
    ]
}