{ "source": "[120, -38, 99, 98, 22, -56, -51, -52, 75, 77, 46, 74, 76, 43, 81, 53, 118, 76, -52, 44, -78, 103, 112, 72, -51, 75, 73, 45, -54, -52, 7, -14, -109, 114, -14, -109, -77, 93, 82, -109, -13, -117, 18, 75, 50, -13, -13, -116, -20, 19, -109, 75, 50, -53, 82, 109, -45, 18, 115, -118, 83, -43, -46, 18, -109, 51, -13, -46, 109, -117, -13, 75, 75, 50, -44, 74, 42, 11, 82, 109, 65, -124, -127, 1, -125, 49, -102, 9, -98, 121, -23, -7, 37, -63, 37, 64, 83, -46, 83, -19, -53, 18, -117, 50, 19, -13, 74, 108, 83, 115, 82, -109, 75, -118, 50, -109, -127, 70, -107, -92, -90, -26, 48, 52, 48, -2, 97, -27, 90, -75, 106, 1, 8, 115, 48, 48, 40, 16, -117, 97, 122, 24, -128, 0, -90, -105, -127, 4, 0, 51, -125, 106, -6, 5, 88, 72, -45, 15, 84, 79, 85, -5, -103, 26, 20, 24, -104, 26, 24, -32, -104, -34, -6, -121, 122, -8, 81, -88, -97, -36, -12, 11, 0, -9, -12, 118, -94]",
"textures": {"724073464": "enderio:blocks/machineBottom",
"783264549": "enderio:blocks/electricalSteelBlock",
"1920002652": "enderio:blocks/machineTop"},
"elements": [
{ "from": [2,0,2], "to": [14,0,14], "faces": { "down":  { "uv": [2,14,14,2], "texture": "#724073464", "cullface": "down" } } },
{ "from": [3,13,2], "to": [13,13,3], "faces": { "down":  { "uv": [3,14,13,13], "texture": "#724073464" } } },
{ "from": [2,13,3], "to": [3,13,13], "faces": { "down":  { "uv": [2,13,3,3], "texture": "#724073464" } } },
{ "from": [13,13,3], "to": [14,13,13], "faces": { "down":  { "uv": [13,13,14,3], "texture": "#724073464" } } },
{ "from": [3,13,13], "to": [13,13,14], "faces": { "down":  { "uv": [3,3,13,2], "texture": "#724073464" } } },
{ "from": [3,14,3], "to": [13,14,13], "faces": { "down":  { "uv": [3,13,13,3], "texture": "#724073464" } } },
{ "from": [2,0,2], "to": [14,2,2], "faces": { "north":  { "uv": [14,16,2,14], "texture": "#724073464" } } },
{ "from": [2,13,2], "to": [14,15,2], "faces": { "north":  { "uv": [14,3,2,1], "texture": "#724073464" } } },
{ "from": [2,2,2], "to": [3,13,2], "faces": { "north":  { "uv": [14,14,13,3], "texture": "#724073464" } } },
{ "from": [13,2,2], "to": [14,13,2], "faces": { "north":  { "uv": [3,14,2,3], "texture": "#724073464" } } },
{ "from": [7,1,7], "to": [9,5,7], "faces": { "north":  { "uv": [9,15,7,11], "texture": "#724073464" } } },
{ "from": [3,1,13], "to": [13,2,13], "faces": { "north":  { "uv": [13,15,3,14], "texture": "#724073464" } } },
{ "from": [2,2,13], "to": [3,13,13], "faces": { "north":  { "uv": [14,14,13,3], "texture": "#724073464" } } },
{ "from": [13,2,13], "to": [14,13,13], "faces": { "north":  { "uv": [3,14,2,3], "texture": "#724073464" } } },
{ "from": [3,13,13], "to": [13,14,13], "faces": { "north":  { "uv": [13,3,3,2], "texture": "#724073464" } } },
{ "from": [3,2,2], "to": [3,13,3], "faces": { "east":  { "uv": [14,14,13,3], "texture": "#724073464" } } },
{ "from": [3,1,3], "to": [3,2,13], "faces": { "east":  { "uv": [13,15,3,14], "texture": "#724073464" } } },
{ "from": [3,13,3], "to": [3,14,13], "faces": { "east":  { "uv": [13,3,3,2], "texture": "#724073464" } } },
{ "from": [3,2,13], "to": [3,13,14], "faces": { "east":  { "uv": [3,14,2,3], "texture": "#724073464" } } },
{ "from": [9,1,7], "to": [9,5,9], "faces": { "east":  { "uv": [9,15,7,11], "texture": "#724073464" } } },
{ "from": [14,0,2], "to": [14,15,3], "faces": { "east":  { "uv": [14,16,13,1], "texture": "#724073464" } } },
{ "from": [14,0,3], "to": [14,2,13], "faces": { "east":  { "uv": [13,16,3,14], "texture": "#724073464" } } },
{ "from": [14,13,3], "to": [14,15,13], "faces": { "east":  { "uv": [13,3,3,1], "texture": "#724073464" } } },
{ "from": [14,0,13], "to": [14,15,14], "faces": { "east":  { "uv": [3,16,2,1], "texture": "#724073464" } } },
{ "from": [2,0,2], "to": [2,15,3], "faces": { "west":  { "uv": [2,16,3,1], "texture": "#724073464" } } },
{ "from": [2,0,3], "to": [2,2,13], "faces": { "west":  { "uv": [3,16,13,14], "texture": "#724073464" } } },
{ "from": [2,13,3], "to": [2,15,13], "faces": { "west":  { "uv": [3,3,13,1], "texture": "#724073464" } } },
{ "from": [2,0,13], "to": [2,15,14], "faces": { "west":  { "uv": [13,16,14,1], "texture": "#724073464" } } },
{ "from": [7,1,7], "to": [7,5,9], "faces": { "west":  { "uv": [7,15,9,11], "texture": "#724073464" } } },
{ "from": [13,2,2], "to": [13,13,3], "faces": { "west":  { "uv": [2,14,3,3], "texture": "#724073464" } } },
{ "from": [13,1,3], "to": [13,2,13], "faces": { "west":  { "uv": [3,15,13,14], "texture": "#724073464" } } },
{ "from": [13,13,3], "to": [13,14,13], "faces": { "west":  { "uv": [3,3,13,2], "texture": "#724073464" } } },
{ "from": [13,2,13], "to": [13,13,14], "faces": { "west":  { "uv": [13,14,14,3], "texture": "#724073464" } } },
{ "from": [6,1,5], "to": [6,2,6], "faces": { "east":  { "uv": [11,15,10,14], "texture": "#783264549" } } },
{ "from": [6,13,5], "to": [6,14,6], "faces": { "east":  { "uv": [11,3,10,2], "texture": "#783264549" } } },
{ "from": [6,1,10], "to": [6,2,11], "faces": { "east":  { "uv": [6,15,5,14], "texture": "#783264549" } } },
{ "from": [6,13,10], "to": [6,14,11], "faces": { "east":  { "uv": [6,3,5,2], "texture": "#783264549" } } },
{ "from": [11,1,5], "to": [11,2,6], "faces": { "east":  { "uv": [11,15,10,14], "texture": "#783264549" } } },
{ "from": [11,13,5], "to": [11,14,6], "faces": { "east":  { "uv": [11,3,10,2], "texture": "#783264549" } } },
{ "from": [11,1,10], "to": [11,2,11], "faces": { "east":  { "uv": [6,15,5,14], "texture": "#783264549" } } },
{ "from": [11,13,10], "to": [11,14,11], "faces": { "east":  { "uv": [6,3,5,2], "texture": "#783264549" } } },
{ "from": [5,1,5], "to": [5,2,6], "faces": { "west":  { "uv": [5,15,6,14], "texture": "#783264549" } } },
{ "from": [5,13,5], "to": [5,14,6], "faces": { "west":  { "uv": [5,3,6,2], "texture": "#783264549" } } },
{ "from": [5,1,10], "to": [5,2,11], "faces": { "west":  { "uv": [10,15,11,14], "texture": "#783264549" } } },
{ "from": [5,13,10], "to": [5,14,11], "faces": { "west":  { "uv": [10,3,11,2], "texture": "#783264549" } } },
{ "from": [10,1,5], "to": [10,2,6], "faces": { "west":  { "uv": [5,15,6,14], "texture": "#783264549" } } },
{ "from": [10,13,5], "to": [10,14,6], "faces": { "west":  { "uv": [5,3,6,2], "texture": "#783264549" } } },
{ "from": [10,1,10], "to": [10,2,11], "faces": { "west":  { "uv": [10,15,11,14], "texture": "#783264549" } } },
{ "from": [10,13,10], "to": [10,14,11], "faces": { "west":  { "uv": [10,3,11,2], "texture": "#783264549" } } },
{ "from": [5,2,5], "to": [6,2,6], "faces": { "up":  { "uv": [5,5,6,6], "texture": "#783264549" } } },
{ "from": [10,2,5], "to": [11,2,6], "faces": { "up":  { "uv": [10,5,11,6], "texture": "#783264549" } } },
{ "from": [5,2,10], "to": [6,2,11], "faces": { "up":  { "uv": [5,10,6,11], "texture": "#783264549" } } },
{ "from": [10,2,10], "to": [11,2,11], "faces": { "up":  { "uv": [10,10,11,11], "texture": "#783264549" } } },
{ "from": [5,14,5], "to": [6,14,6], "faces": { "up":  { "uv": [5,5,6,6], "texture": "#783264549" } } },
{ "from": [10,14,5], "to": [11,14,6], "faces": { "up":  { "uv": [10,5,11,6], "texture": "#783264549" } } },
{ "from": [5,14,10], "to": [6,14,11], "faces": { "up":  { "uv": [5,10,6,11], "texture": "#783264549" } } },
{ "from": [10,14,10], "to": [11,14,11], "faces": { "up":  { "uv": [10,10,11,11], "texture": "#783264549" } } },
{ "from": [5,1,5], "to": [6,1,6], "faces": { "down":  { "uv": [5,11,6,10], "texture": "#783264549" } } },
{ "from": [10,1,5], "to": [11,1,6], "faces": { "down":  { "uv": [10,11,11,10], "texture": "#783264549" } } },
{ "from": [5,1,10], "to": [6,1,11], "faces": { "down":  { "uv": [5,6,6,5], "texture": "#783264549" } } },
{ "from": [10,1,10], "to": [11,1,11], "faces": { "down":  { "uv": [10,6,11,5], "texture": "#783264549" } } },
{ "from": [5,13,5], "to": [6,13,6], "faces": { "down":  { "uv": [5,11,6,10], "texture": "#783264549" } } },
{ "from": [10,13,5], "to": [11,13,6], "faces": { "down":  { "uv": [10,11,11,10], "texture": "#783264549" } } },
{ "from": [5,13,10], "to": [6,13,11], "faces": { "down":  { "uv": [5,6,6,5], "texture": "#783264549" } } },
{ "from": [10,13,10], "to": [11,13,11], "faces": { "down":  { "uv": [10,6,11,5], "texture": "#783264549" } } },
{ "from": [5,1,6], "to": [6,2,6], "faces": { "south":  { "uv": [5,15,6,14], "texture": "#783264549" } } },
{ "from": [10,1,6], "to": [11,2,6], "faces": { "south":  { "uv": [10,15,11,14], "texture": "#783264549" } } },
{ "from": [5,13,6], "to": [6,14,6], "faces": { "south":  { "uv": [5,3,6,2], "texture": "#783264549" } } },
{ "from": [10,13,6], "to": [11,14,6], "faces": { "south":  { "uv": [10,3,11,2], "texture": "#783264549" } } },
{ "from": [5,1,11], "to": [6,2,11], "faces": { "south":  { "uv": [5,15,6,14], "texture": "#783264549" } } },
{ "from": [10,1,11], "to": [11,2,11], "faces": { "south":  { "uv": [10,15,11,14], "texture": "#783264549" } } },
{ "from": [5,13,11], "to": [6,14,11], "faces": { "south":  { "uv": [5,3,6,2], "texture": "#783264549" } } },
{ "from": [10,13,11], "to": [11,14,11], "faces": { "south":  { "uv": [10,3,11,2], "texture": "#783264549" } } },
{ "from": [5,1,5], "to": [6,2,5], "faces": { "north":  { "uv": [11,15,10,14], "texture": "#783264549" } } },
{ "from": [10,1,5], "to": [11,2,5], "faces": { "north":  { "uv": [6,15,5,14], "texture": "#783264549" } } },
{ "from": [5,13,5], "to": [6,14,5], "faces": { "north":  { "uv": [11,3,10,2], "texture": "#783264549" } } },
{ "from": [10,13,5], "to": [11,14,5], "faces": { "north":  { "uv": [6,3,5,2], "texture": "#783264549" } } },
{ "from": [5,1,10], "to": [6,2,10], "faces": { "north":  { "uv": [11,15,10,14], "texture": "#783264549" } } },
{ "from": [10,1,10], "to": [11,2,10], "faces": { "north":  { "uv": [6,15,5,14], "texture": "#783264549" } } },
{ "from": [5,13,10], "to": [6,14,10], "faces": { "north":  { "uv": [11,3,10,2], "texture": "#783264549" } } },
{ "from": [10,13,10], "to": [11,14,10], "faces": { "north":  { "uv": [6,3,5,2], "texture": "#783264549" } } },
{ "from": [3,1,3], "to": [13,1,7], "faces": { "up":  { "uv": [3,3,13,7], "texture": "#1920002652" } } },
{ "from": [3,1,9], "to": [13,1,13], "faces": { "up":  { "uv": [3,9,13,13], "texture": "#1920002652" } } },
{ "from": [3,1,7], "to": [7,1,9], "faces": { "up":  { "uv": [3,7,7,9], "texture": "#1920002652" } } },
{ "from": [9,1,7], "to": [13,1,9], "faces": { "up":  { "uv": [9,7,13,9], "texture": "#1920002652" } } },
{ "from": [3,2,2], "to": [13,2,3], "faces": { "up":  { "uv": [3,2,13,3], "texture": "#1920002652" } } },
{ "from": [2,2,3], "to": [3,2,13], "faces": { "up":  { "uv": [2,3,3,13], "texture": "#1920002652" } } },
{ "from": [13,2,3], "to": [14,2,13], "faces": { "up":  { "uv": [13,3,14,13], "texture": "#1920002652" } } },
{ "from": [3,2,13], "to": [13,2,14], "faces": { "up":  { "uv": [3,13,13,14], "texture": "#1920002652" } } },
{ "from": [7,5,7], "to": [9,5,9], "faces": { "up":  { "uv": [7,7,9,9], "texture": "#1920002652" } } },
{ "from": [2,15,2], "to": [14,15,14], "faces": { "up":  { "uv": [2,2,14,14], "texture": "#1920002652" } } },
{ "from": [3,1,3], "to": [13,2,3], "faces": { "south":  { "uv": [3,15,13,14], "texture": "#724073464" } } },
{ "from": [2,2,3], "to": [3,13,3], "faces": { "south":  { "uv": [2,14,3,3], "texture": "#724073464" } } },
{ "from": [13,2,3], "to": [14,13,3], "faces": { "south":  { "uv": [13,14,14,3], "texture": "#724073464" } } },
{ "from": [3,13,3], "to": [13,14,3], "faces": { "south":  { "uv": [3,3,13,2], "texture": "#724073464" } } },
{ "from": [7,1,9], "to": [9,5,9], "faces": { "south":  { "uv": [7,15,9,11], "texture": "#724073464" } } },
{ "from": [2,0,14], "to": [14,2,14], "faces": { "south":  { "uv": [2,16,14,14], "texture": "#724073464" } } },
{ "from": [2,13,14], "to": [14,15,14], "faces": { "south":  { "uv": [2,3,14,1], "texture": "#724073464" } } },
{ "from": [2,2,14], "to": [3,13,14], "faces": { "south":  { "uv": [2,14,3,3], "texture": "#724073464" } } },
{ "from": [13,2,14], "to": [14,13,14], "faces": { "south":  { "uv": [13,14,14,3], "texture": "#724073464" } } }
],
"display": { "thirdperson": { "rotation": [ 10, -45, 170 ], "translation": [ 0, 1.5, -2.75 ], "scale": [ 0.375, 0.375, 0.375 ] } } }