{ "source": "[120, -38, 99, 98, 18, -56, -51, -52, 75, 77, 46, 74, 76, 43, 81, 53, 118, 76, -52, 44, -78, 103, 80, 67, 22, 41, 46, 73, 4, -14, 82, -30, -45, 115, 18, -117, -117, -19, -109, -13, 115, -14, -117, 108, -117, 51, 115, -54, 82, -117, 24, 92, 126, 48, -55, -1, -64, -124, 12, 12, 32, 12, 1, 10, 44, -104, 16, 36, 58, 42, 79, -100, 60, -82, -16, 5, 0, 83, 38, 61, -101]",
"textures": {"1065706686": "minecraft:blocks/glass_silver"},
"elements": [
{ "from": [3,2,3], "to": [3,13,13], "faces": { "east":  { "uv": [13,14,3,3], "texture": "#1065706686" } } },
{ "from": [13,2,2], "to": [13,13,3], "faces": { "east":  { "uv": [14,14,13,3], "texture": "#1065706686" } } },
{ "from": [13,2,13], "to": [13,13,14], "faces": { "east":  { "uv": [3,14,2,3], "texture": "#1065706686" } } },
{ "from": [14,2,3], "to": [14,13,13], "faces": { "east":  { "uv": [13,14,3,3], "texture": "#1065706686" } } },
{ "from": [2,2,3], "to": [2,13,13], "faces": { "west":  { "uv": [3,14,13,3], "texture": "#1065706686" } } },
{ "from": [3,2,2], "to": [3,13,3], "faces": { "west":  { "uv": [2,14,3,3], "texture": "#1065706686" } } },
{ "from": [3,2,13], "to": [3,13,14], "faces": { "west":  { "uv": [13,14,14,3], "texture": "#1065706686" } } },
{ "from": [13,2,3], "to": [13,13,13], "faces": { "west":  { "uv": [3,14,13,3], "texture": "#1065706686" } } },
{ "from": [3,13,2], "to": [13,13,3], "faces": { "up":  { "uv": [3,2,13,3], "texture": "#1065706686" } } },
{ "from": [2,13,3], "to": [3,13,13], "faces": { "up":  { "uv": [2,3,3,13], "texture": "#1065706686" } } },
{ "from": [13,13,3], "to": [14,13,13], "faces": { "up":  { "uv": [13,3,14,13], "texture": "#1065706686" } } },
{ "from": [3,13,13], "to": [13,13,14], "faces": { "up":  { "uv": [3,13,13,14], "texture": "#1065706686" } } },
{ "from": [3,2,2], "to": [13,2,3], "faces": { "down":  { "uv": [3,14,13,13], "texture": "#1065706686" } } },
{ "from": [2,2,3], "to": [3,2,13], "faces": { "down":  { "uv": [2,13,3,3], "texture": "#1065706686" } } },
{ "from": [13,2,3], "to": [14,2,13], "faces": { "down":  { "uv": [13,13,14,3], "texture": "#1065706686" } } },
{ "from": [3,2,13], "to": [13,2,14], "faces": { "down":  { "uv": [3,3,13,2], "texture": "#1065706686" } } },
{ "from": [3,2,3], "to": [13,13,3], "faces": { "south":  { "uv": [3,14,13,3], "texture": "#1065706686" } } },
{ "from": [2,2,13], "to": [3,13,13], "faces": { "south":  { "uv": [2,14,3,3], "texture": "#1065706686" } } },
{ "from": [13,2,13], "to": [14,13,13], "faces": { "south":  { "uv": [13,14,14,3], "texture": "#1065706686" } } },
{ "from": [3,2,14], "to": [13,13,14], "faces": { "south":  { "uv": [3,14,13,3], "texture": "#1065706686" } } },
{ "from": [3,2,2], "to": [13,13,2], "faces": { "north":  { "uv": [13,14,3,3], "texture": "#1065706686" } } },
{ "from": [2,2,3], "to": [3,13,3], "faces": { "north":  { "uv": [14,14,13,3], "texture": "#1065706686" } } },
{ "from": [13,2,3], "to": [14,13,3], "faces": { "north":  { "uv": [3,14,2,3], "texture": "#1065706686" } } },
{ "from": [3,2,13], "to": [13,13,13], "faces": { "north":  { "uv": [13,14,3,3], "texture": "#1065706686" } } }
],
"display": { "thirdperson": { "rotation": [ 10, -45, 170 ], "translation": [ 0, 1.5, -2.75 ], "scale": [ 0.375, 0.375, 0.375 ] } } }