{
	"ambientocclusion": false,
	"textures": {
		"0": "block/bamboo_large_leaves",
		"1": "block/bamboo_large_leaves_extra",
		"particle": "block/bamboo_large_leaves"
	},
	"elements": [
		{
			"from": [0.8, 0, 8],
			"to": [15.2, 16, 8],
			"shade": false,
			"faces": {
				"north": {"uv": [0, 0, 16, 16], "texture": "#0", "tintindex": 0},
				"south": {"uv": [0, 0, 16, 16], "texture": "#0", "tintindex": 0}
			}
		},
		{
			"from": [0.8, 2.34244, -13.65756],
			"to": [15.2, 2.34244, 2.34244],
			"shade": false,
			"rotation": {"angle": 45, "axis": "x", "origin": [0, -5.65756, 2.34244]},
			"faces": {
				"up": {"uv": [0, 0, 16, 16], "texture": "#1", "tintindex": 0},
				"down": {"uv": [0, 0, 16, 16], "rotation": 180, "texture": "#1", "tintindex": 0}
			}
		},
		{
			"from": [0.8, 5.65756, 10.34244],
			"to": [15.2, 21.65756, 10.34244],
			"shade": false,
			"rotation": {"angle": 45, "axis": "x", "origin": [0, 5.65756, 2.34244]},
			"faces": {
				"north": {"uv": [0, 0, 16, 16], "texture": "#1", "tintindex": 0},
				"south": {"uv": [0, 0, 16, 16], "texture": "#1", "tintindex": 0}
			}
		},
		{
			"from": [8, 0, 0.8],
			"to": [8, 16, 15.2],
			"shade": false,
			"faces": {
				"east": {"uv": [0, 0, 16, 16], "texture": "#0", "tintindex": 0},
				"west": {"uv": [0, 0, 16, 16], "texture": "#0", "tintindex": 0}
			}
		},
		{
			"from": [10.34244, 5.65756, 0.8],
			"to": [10.34244, 21.65756, 15.2],
			"shade": false,
			"rotation": {"angle": -45, "axis": "z", "origin": [2.34244, 5.65756, 0]},
			"faces": {
				"east": {"uv": [0, 0, 16, 16], "texture": "#1", "tintindex": 0},
				"west": {"uv": [0, 0, 16, 16], "texture": "#1", "tintindex": 0}
			}
		},
		{
			"from": [10.34315, -5.65685, 0.8],
			"to": [10.34315, 10.34315, 15.2],
			"shade": false,
			"rotation": {"angle": 45, "axis": "z", "origin": [2.34315, -5.65685, 0]},
			"faces": {
				"east": {"uv": [0, 0, 16, 16], "texture": "#1", "tintindex": 0},
				"west": {"uv": [0, 0, 16, 16], "texture": "#1", "tintindex": 0}
			}
		}
	]
}