{
	"credit": "Made with Blockbench",
	"textures": {
		"0": "block/texture",
		"particle": "block/texture"
	},
	"elements": [
		{
			"from": [8, 0, 7],
			"to": [8, 8, 8],
			"faces": {
				"north": {"uv": [0, 0, 0, 8], "texture": "#missing"},
				"east": {"uv": [10, 0, 11, 8], "texture": "#0"},
				"south": {"uv": [0, 0, 0, 8], "texture": "#missing"},
				"west": {"uv": [10, 0, 11, 8], "texture": "#0"},
				"up": {"uv": [0, 0, 0, 1], "texture": "#missing"},
				"down": {"uv": [0, 0, 0, 1], "texture": "#missing"}
			}
		},
		{
			"from": [10.4, 4.2, 7],
			"to": [10.4, 7.2, 8],
			"rotation": {"angle": 22.5, "axis": "z", "origin": [0, 0, 0]},
			"faces": {
				"north": {"uv": [0, 0, 0, 3], "texture": "#missing"},
				"east": {"uv": [10, 0, 11, 3], "texture": "#0"},
				"south": {"uv": [0, 0, 0, 3], "texture": "#missing"},
				"west": {"uv": [10, 0, 11, 3], "texture": "#0"},
				"up": {"uv": [0, 0, 0, 1], "texture": "#missing"},
				"down": {"uv": [0, 0, 0, 1], "texture": "#missing"}
			}
		},
		{
			"from": [2.4, 9.1, 7],
			"to": [2.4, 12.1, 8],
			"rotation": {"angle": -45, "axis": "z", "origin": [0, 0, 0]},
			"faces": {
				"north": {"uv": [0, 0, 0, 3], "texture": "#missing"},
				"east": {"uv": [10, 0, 11, 3], "texture": "#0"},
				"south": {"uv": [0, 0, 0, 3], "texture": "#missing"},
				"west": {"uv": [10, 0, 11, 3], "texture": "#0"},
				"up": {"uv": [0, 0, 0, 1], "texture": "#missing"},
				"down": {"uv": [0, 0, 0, 1], "texture": "#missing"}
			}
		},
		{
			"from": [12.35, 2.6, 7],
			"to": [12.35, 4.6, 8],
			"rotation": {"angle": 45, "axis": "z", "origin": [0, 0, 0]},
			"faces": {
				"north": {"uv": [0, 0, 0, 2], "texture": "#missing"},
				"east": {"uv": [10, 0, 11, 2], "texture": "#0"},
				"south": {"uv": [0, 0, 0, 2], "texture": "#missing"},
				"west": {"uv": [10, 0, 11, 2], "texture": "#0"},
				"up": {"uv": [0, 0, 0, 1], "texture": "#missing"},
				"down": {"uv": [0, 0, 0, 1], "texture": "#missing"}
			}
		},
		{
			"from": [9.4, 7, 5],
			"to": [14.4, 7, 10],
			"faces": {
				"north": {"uv": [0, 0, 0, 5], "rotation": 90, "texture": "#missing"},
				"east": {"uv": [0, 0, 0, 5], "rotation": 270, "texture": "#missing"},
				"south": {"uv": [0, 0, 0, 5], "rotation": 270, "texture": "#missing"},
				"west": {"uv": [0, 0, 0, 5], "rotation": 270, "texture": "#missing"},
				"up": {"uv": [0, 0, 5, 5], "rotation": 270, "texture": "#0"},
				"down": {"uv": [5, 0, 10, 5], "rotation": 270, "texture": "#0"}
			}
		},
		{
			"from": [10.5, 12, 6],
			"to": [12.5, 12, 9],
			"rotation": {"angle": -22.5, "axis": "z", "origin": [0, 0, 0]},
			"faces": {
				"north": {"uv": [0, 0, 0, 2], "rotation": 90, "texture": "#missing"},
				"east": {"uv": [0, 0, 0, 3], "rotation": 270, "texture": "#missing"},
				"south": {"uv": [0, 0, 0, 2], "rotation": 270, "texture": "#missing"},
				"west": {"uv": [0, 0, 0, 3], "rotation": 270, "texture": "#missing"},
				"up": {"uv": [0, 1, 3, 3], "rotation": 270, "texture": "#0"},
				"down": {"uv": [5, 0, 8, 2], "rotation": 270, "texture": "#0"}
			}
		},
		{
			"from": [-2.6, 13.35, 5],
			"to": [2.4, 13.35, 10],
			"rotation": {"angle": -22.5, "axis": "z", "origin": [0, 0, 0]},
			"faces": {
				"north": {"uv": [0, 0, 0, 5], "rotation": 90, "texture": "#missing"},
				"east": {"uv": [0, 0, 0, 5], "rotation": 270, "texture": "#missing"},
				"south": {"uv": [0, 0, 0, 5], "rotation": 270, "texture": "#missing"},
				"west": {"uv": [0, 0, 0, 5], "rotation": 270, "texture": "#missing"},
				"up": {"uv": [0, 5, 5, 10], "rotation": 270, "texture": "#0"},
				"down": {"uv": [5, 0, 10, 5], "rotation": 270, "texture": "#0"}
			}
		},
		{
			"from": [0.8, 13.35, 6],
			"to": [2.8, 13.35, 9],
			"faces": {
				"north": {"uv": [0, 0, 0, 2], "rotation": 90, "texture": "#missing"},
				"east": {"uv": [0, 0, 0, 3], "rotation": 270, "texture": "#missing"},
				"south": {"uv": [0, 0, 0, 2], "rotation": 270, "texture": "#missing"},
				"west": {"uv": [0, 0, 0, 3], "rotation": 270, "texture": "#missing"},
				"up": {"uv": [0, 2, 3, 4], "rotation": 270, "texture": "#0"},
				"down": {"uv": [5, 1, 8, 3], "rotation": 270, "texture": "#0"}
			}
		},
		{
			"from": [8, 0, 10],
			"to": [9, 6, 10],
			"faces": {
				"north": {"uv": [10, 1, 11, 7], "texture": "#0"},
				"east": {"uv": [0, 0, 0, 6], "texture": "#missing"},
				"south": {"uv": [10, 0, 11, 6], "texture": "#0"},
				"west": {"uv": [0, 0, 0, 6], "texture": "#missing"},
				"up": {"uv": [0, 0, 1, 0], "texture": "#missing"},
				"down": {"uv": [0, 0, 1, 0], "texture": "#missing"}
			}
		},
		{
			"from": [8, 9.28, 7],
			"to": [9, 11.28, 7],
			"rotation": {"angle": 22.5, "axis": "x", "origin": [0, 0, 0]},
			"faces": {
				"north": {"uv": [10, 0, 11, 2], "texture": "#0"},
				"east": {"uv": [0, 0, 0, 2], "texture": "#missing"},
				"south": {"uv": [10, 0, 11, 2], "texture": "#0"},
				"west": {"uv": [0, 0, 0, 2], "texture": "#missing"},
				"up": {"uv": [0, 0, 1, 0], "texture": "#missing"},
				"down": {"uv": [0, 0, 1, 0], "texture": "#missing"}
			}
		},
		{
			"from": [6, 12.28, 2.1],
			"to": [11, 16.28, 2.1],
			"rotation": {"angle": 45, "axis": "x", "origin": [0, 0, 0]},
			"faces": {
				"north": {"uv": [0, 6, 5, 10], "texture": "#0"},
				"east": {"uv": [0, 0, 0, 4], "texture": "#missing"},
				"south": {"uv": [5, 0, 10, 4], "texture": "#0"},
				"west": {"uv": [0, 0, 0, 4], "texture": "#missing"},
				"up": {"uv": [0, 0, 5, 0], "texture": "#missing"},
				"down": {"uv": [0, 0, 5, 0], "texture": "#missing"}
			}
		},
		{
			"from": [7, 4.3, 15.7],
			"to": [10, 4.3, 17.7],
			"rotation": {"angle": -22.5, "axis": "x", "origin": [0, 0, 0]},
			"faces": {
				"north": {"uv": [0, 0, 3, 0], "rotation": 180, "texture": "#missing"},
				"east": {"uv": [0, 0, 0, 2], "rotation": 270, "texture": "#missing"},
				"south": {"uv": [0, 0, 3, 0], "texture": "#missing"},
				"west": {"uv": [0, 0, 0, 2], "rotation": 90, "texture": "#missing"},
				"up": {"uv": [0, 2, 3, 4], "rotation": 180, "texture": "#0"},
				"down": {"uv": [5, 1, 8, 3], "texture": "#0"}
			}
		},
		{
			"from": [6, 0, 5],
			"to": [7, 4, 5],
			"faces": {
				"north": {"uv": [10, 0, 11, 4], "texture": "#0"},
				"east": {"uv": [0, 0, 0, 4], "texture": "#missing"},
				"south": {"uv": [10, 0, 11, 4], "texture": "#0"},
				"west": {"uv": [0, 0, 0, 4], "texture": "#missing"},
				"up": {"uv": [0, 0, 1, 0], "texture": "#missing"},
				"down": {"uv": [0, 0, 1, 0], "texture": "#missing"}
			}
		},
		{
			"from": [6, -0.7, 6.3],
			"to": [7, 1.3, 6.3],
			"rotation": {"angle": -45, "axis": "x", "origin": [0, 0, 0]},
			"faces": {
				"north": {"uv": [10, 0, 11, 2], "texture": "#0"},
				"east": {"uv": [0, 0, 0, 2], "texture": "#missing"},
				"south": {"uv": [10, 0, 11, 2], "texture": "#0"},
				"west": {"uv": [0, 0, 0, 2], "texture": "#missing"},
				"up": {"uv": [0, 0, 1, 0], "texture": "#missing"},
				"down": {"uv": [0, 0, 1, 0], "texture": "#missing"}
			}
		},
		{
			"from": [4, 6.4, -1.3],
			"to": [9, 6.4, 2.7],
			"rotation": {"angle": 22.5, "axis": "x", "origin": [0, 0, 0]},
			"faces": {
				"north": {"uv": [0, 0, 5, 0], "rotation": 180, "texture": "#missing"},
				"east": {"uv": [0, 0, 0, 4], "rotation": 90, "texture": "#missing"},
				"south": {"uv": [0, 0, 5, 0], "texture": "#missing"},
				"west": {"uv": [0, 0, 0, 4], "rotation": 270, "texture": "#missing"},
				"up": {"uv": [0, 6, 5, 10], "texture": "#0"},
				"down": {"uv": [5, 0, 10, 4], "rotation": 180, "texture": "#0"}
			}
		},
		{
			"from": [5, 6.4, -2.3],
			"to": [8, 6.4, -1.3],
			"rotation": {"angle": 22.5, "axis": "x", "origin": [0, 0, 0]},
			"faces": {
				"north": {"uv": [0, 0, 3, 0], "rotation": 180, "texture": "#missing"},
				"east": {"uv": [0, 0, 0, 1], "rotation": 90, "texture": "#missing"},
				"south": {"uv": [0, 0, 3, 0], "texture": "#missing"},
				"west": {"uv": [0, 0, 0, 1], "rotation": 270, "texture": "#missing"},
				"up": {"uv": [0, 1, 3, 2], "texture": "#0"},
				"down": {"uv": [0, 0, 3, 1], "rotation": 180, "texture": "#0"}
			}
		}
	],
	"display": {
		"thirdperson_righthand": {
			"translation": [0, 7.75, 2.75]
		},
		"thirdperson_lefthand": {
			"translation": [0, 7.5, 3.75]
		},
		"firstperson_righthand": {
			"translation": [0, 2, 0]
		},
		"firstperson_lefthand": {
			"translation": [1.75, 2.75, 0]
		},
		"ground": {
			"translation": [0, 4, 0]
		},
		"gui": {
			"rotation": [0, -105, -24],
			"scale": [1.17, 1, 1]
		},
		"head": {
			"translation": [0, 12.25, 0]
		},
		"fixed": {
			"rotation": [-57, 0, 1],
			"translation": [0, 2.75, -5.25]
		}
	}
}