{
	"parent": "block/block",
	"textures": {
		"0": "block/chorus_flower_base",
		"2": "block/chorus_flower_dead",
		"particle": "block/chorus_flower_base"
	},
	"elements": [
		{
			"from": [18.40657, 15.29787, 4.07207],
			"to": [18.40657, 23.29787, 12.07207],
			"shade": false,
			"rotation": {"angle": 22.5, "axis": "z", "origin": [12.40657, -2.70213, 15.07207]},
			"faces": {
				"north": {"uv": [0, 0, 0, 8], "texture": "#2"},
				"east": {"uv": [0, 0, 16, 16], "texture": "#2"},
				"south": {"uv": [0, 0, 0, 8], "texture": "#2"},
				"west": {"uv": [0, 0, 16, 16], "texture": "#2"},
				"up": {"uv": [0, 0, 8, 0], "rotation": 270, "texture": "#2"},
				"down": {"uv": [0, 0, 8, 0], "rotation": 90, "texture": "#2"}
			}
		},
		{
			"from": [-2.02581, 17.21206, 4.07207],
			"to": [-2.02581, 25.21206, 12.07207],
			"shade": false,
			"rotation": {"angle": -22.5, "axis": "z", "origin": [-1.02581, -0.78794, 15.07207]},
			"faces": {
				"north": {"uv": [0, 0, 0, 8], "texture": "#2"},
				"east": {"uv": [0, 0, 16, 16], "texture": "#2"},
				"south": {"uv": [0, 0, 0, 8], "texture": "#2"},
				"west": {"uv": [0, 0, 16, 16], "texture": "#2"},
				"up": {"uv": [0, 0, 8, 0], "rotation": 270, "texture": "#2"},
				"down": {"uv": [0, 0, 8, 0], "rotation": 90, "texture": "#2"}
			}
		},
		{
			"from": [4, 19.50739, 17.64131],
			"to": [12, 27.50739, 17.64131],
			"shade": false,
			"rotation": {"angle": -22.5, "axis": "x", "origin": [4, 1.50739, 22.64131]},
			"faces": {
				"north": {"uv": [0, 0, 16, 16], "texture": "#2"},
				"east": {"uv": [0, 0, 0, 8], "texture": "#2"},
				"south": {"uv": [0, 0, 16, 16], "texture": "#2"},
				"west": {"uv": [0, 0, 0, 8], "texture": "#2"},
				"up": {"uv": [0, 0, 8, 0], "texture": "#2"},
				"down": {"uv": [0, 0, 8, 0], "texture": "#2"}
			}
		},
		{
			"from": [4, 14.61147, -0.87973],
			"to": [12, 22.61147, -0.87973],
			"shade": false,
			"rotation": {"angle": 22.5, "axis": "x", "origin": [10, 0.61147, 6.12027]},
			"faces": {
				"north": {"uv": [0, 0, 16, 16], "texture": "#2"},
				"east": {"uv": [0, 0, 0, 8], "texture": "#2"},
				"south": {"uv": [0, 0, 16, 16], "texture": "#2"},
				"west": {"uv": [0, 0, 0, 8], "texture": "#2"},
				"up": {"uv": [0, 0, 8, 0], "texture": "#2"},
				"down": {"uv": [0, 0, 8, 0], "texture": "#2"}
			}
		},
		{
			"from": [2, 0, 2],
			"to": [14, 2, 14],
			"faces": {
				"north": {"uv": [2, 0, 14, 2], "texture": "#0"},
				"east": {"uv": [2, 0, 14, 2], "texture": "#0"},
				"south": {"uv": [2, 0, 14, 2], "texture": "#0"},
				"west": {"uv": [2, 0, 14, 2], "texture": "#0"},
				"up": {"uv": [0, 0, 12, 12], "texture": "#missing"},
				"down": {"uv": [2, 2, 14, 14], "texture": "#0"}
			}
		},
		{
			"from": [2, 2, 14],
			"to": [14, 14, 16],
			"faces": {
				"north": {"uv": [0, 0, 12, 12], "rotation": 180, "texture": "#missing"},
				"east": {"uv": [2, 0, 15, 2], "rotation": 270, "texture": "#0"},
				"south": {"uv": [2, 2, 14, 14], "texture": "#0"},
				"west": {"uv": [2, 0, 14, 2], "rotation": 90, "texture": "#0"},
				"up": {"uv": [2, 0, 14, 2], "rotation": 180, "texture": "#0"},
				"down": {"uv": [2, 0, 14, 2], "texture": "#0"}
			}
		},
		{
			"from": [0, 2, 2],
			"to": [2, 14, 14],
			"faces": {
				"north": {"uv": [2, 0, 14, 2], "rotation": 90, "texture": "#0"},
				"east": {"uv": [0, 0, 12, 12], "rotation": 180, "texture": "#missing"},
				"south": {"uv": [2, 0, 14, 2], "rotation": 270, "texture": "#0"},
				"west": {"uv": [2, 2, 14, 14], "texture": "#0"},
				"up": {"uv": [2, 0, 14, 2], "rotation": 270, "texture": "#0"},
				"down": {"uv": [2, 0, 14, 2], "rotation": 270, "texture": "#0"}
			}
		},
		{
			"from": [2, 2, 0],
			"to": [14, 14, 2],
			"faces": {
				"north": {"uv": [2, 2, 14, 14], "texture": "#0"},
				"east": {"uv": [2, 0, 14, 2], "rotation": 90, "texture": "#0"},
				"south": {"uv": [0, 0, 12, 12], "rotation": 180, "texture": "#missing"},
				"west": {"uv": [2, 0, 14, 2], "rotation": 270, "texture": "#0"},
				"up": {"uv": [2, 0, 14, 2], "texture": "#0"},
				"down": {"uv": [2, 0, 14, 2], "rotation": 180, "texture": "#0"}
			}
		},
		{
			"from": [14, 2, 2],
			"to": [16, 14, 14],
			"faces": {
				"north": {"uv": [2, 0, 14, 2], "rotation": 270, "texture": "#0"},
				"east": {"uv": [2, 2, 14, 14], "texture": "#0"},
				"south": {"uv": [2, 0, 14, 2], "rotation": 90, "texture": "#0"},
				"west": {"uv": [0, 0, 12, 12], "rotation": 180, "texture": "#missing"},
				"up": {"uv": [2, 0, 14, 2], "rotation": 90, "texture": "#0"},
				"down": {"uv": [2, 0, 14, 2], "rotation": 90, "texture": "#0"}
			}
		},
		{
			"from": [2, 14, 2],
			"to": [14, 16, 14],
			"faces": {
				"north": {"uv": [2, 0, 14, 2], "texture": "#0"},
				"east": {"uv": [2, 0, 14, 2], "texture": "#0"},
				"south": {"uv": [2, 0, 14, 2], "texture": "#0"},
				"west": {"uv": [2, 0, 14, 2], "texture": "#0"},
				"up": {"uv": [2, 2, 14, 14], "texture": "#0"},
				"down": {"uv": [0, 0, 12, 12], "texture": "#missing"}
			}
		}
	]
}