{
	"parent": "block/block",
	"textures": {
		"0": "block/chorus_flower_base",
		"1": "block/chorus_flower",
		"particle": "block/chorus_flower_base"
	},
	"elements": [
		{
			"from": [19.6066, 19.97918, 4],
			"to": [19.6066, 27.97918, 12],
			"shade": false,
			"rotation": {"angle": 45, "axis": "z", "origin": [18.6066, 3.97918, 8]},
			"faces": {
				"north": {"uv": [0, 0, 0, 8], "texture": "#missing"},
				"east": {"uv": [0, 0, 16, 16], "texture": "#1"},
				"south": {"uv": [0, 0, 0, 8], "texture": "#missing"},
				"west": {"uv": [0, 0, 16, 16], "texture": "#1"},
				"up": {"uv": [0, 0, 8, 0], "rotation": 90, "texture": "#missing"},
				"down": {"uv": [0, 0, 8, 0], "rotation": 270, "texture": "#missing"}
			}
		},
		{
			"from": [-3.02082, 21.3934, 4],
			"to": [-3.02082, 29.3934, 12],
			"shade": false,
			"rotation": {"angle": -45, "axis": "z", "origin": [-4.02082, 5.3934, 8]},
			"faces": {
				"north": {"uv": [0, 0, 0, 8], "texture": "#1"},
				"east": {"uv": [0, 0, 16, 16], "texture": "#1"},
				"south": {"uv": [0, 0, 0, 8], "texture": "#1"},
				"west": {"uv": [0, 0, 16, 16], "texture": "#1"},
				"up": {"uv": [0, 0, 8, 0], "rotation": 90, "texture": "#1"},
				"down": {"uv": [0, 0, 8, 0], "rotation": 270, "texture": "#1"}
			}
		},
		{
			"from": [4, 5.61522, -10.92793],
			"to": [12, 5.61522, -2.92793],
			"shade": false,
			"rotation": {"angle": 45, "axis": "x", "origin": [4, -2.38478, 15.07207]},
			"faces": {
				"north": {"uv": [0, 0, 8, 0], "rotation": 180, "texture": "#missing"},
				"east": {"uv": [0, 0, 0, 8], "rotation": 90, "texture": "#missing"},
				"south": {"uv": [0, 0, 8, 0], "texture": "#missing"},
				"west": {"uv": [0, 0, 0, 8], "rotation": 270, "texture": "#missing"},
				"up": {"uv": [0, 0, 16, 16], "texture": "#1"},
				"down": {"uv": [0, 0, 16, 16], "rotation": 180, "texture": "#1"}
			}
		},
		{
			"from": [4, 15.15076, -3.94875],
			"to": [12, 23.15076, -3.94875],
			"shade": false,
			"rotation": {"angle": 45, "axis": "x", "origin": [10, 1.15076, 3.05125]},
			"faces": {
				"north": {"uv": [0, 0, 16, 16], "texture": "#1"},
				"east": {"uv": [0, 0, 0, 8], "texture": "#missing"},
				"south": {"uv": [0, 0, 16, 16], "texture": "#1"},
				"west": {"uv": [0, 0, 0, 8], "texture": "#missing"},
				"up": {"uv": [0, 0, 8, 0], "texture": "#missing"},
				"down": {"uv": [0, 0, 8, 0], "texture": "#missing"}
			}
		},
		{
			"from": [2, 0, 2],
			"to": [14, 2, 14],
			"faces": {
				"north": {"uv": [2, 0, 14, 2], "texture": "#0"},
				"east": {"uv": [2, 0, 14, 2], "texture": "#0"},
				"south": {"uv": [2, 0, 14, 2], "texture": "#0"},
				"west": {"uv": [2, 0, 14, 2], "texture": "#0"},
				"up": {"uv": [0, 0, 12, 12], "texture": "#missing"},
				"down": {"uv": [2, 2, 14, 14], "texture": "#0"}
			}
		},
		{
			"from": [2, 2, 14],
			"to": [14, 14, 16],
			"faces": {
				"north": {"uv": [0, 0, 12, 12], "rotation": 180, "texture": "#missing"},
				"east": {"uv": [2, 0, 15, 2], "rotation": 270, "texture": "#0"},
				"south": {"uv": [2, 2, 14, 14], "texture": "#0"},
				"west": {"uv": [2, 0, 14, 2], "rotation": 90, "texture": "#0"},
				"up": {"uv": [2, 0, 14, 2], "rotation": 180, "texture": "#0"},
				"down": {"uv": [2, 0, 14, 2], "texture": "#0"}
			}
		},
		{
			"from": [0, 2, 2],
			"to": [2, 14, 14],
			"faces": {
				"north": {"uv": [2, 0, 14, 2], "rotation": 90, "texture": "#0"},
				"east": {"uv": [0, 0, 12, 12], "rotation": 180, "texture": "#missing"},
				"south": {"uv": [2, 0, 14, 2], "rotation": 270, "texture": "#0"},
				"west": {"uv": [2, 2, 14, 14], "texture": "#0"},
				"up": {"uv": [2, 0, 14, 2], "rotation": 270, "texture": "#0"},
				"down": {"uv": [2, 0, 14, 2], "rotation": 270, "texture": "#0"}
			}
		},
		{
			"from": [2, 2, 0],
			"to": [14, 14, 2],
			"faces": {
				"north": {"uv": [2, 2, 14, 14], "texture": "#0"},
				"east": {"uv": [2, 0, 14, 2], "rotation": 90, "texture": "#0"},
				"south": {"uv": [0, 0, 12, 12], "rotation": 180, "texture": "#missing"},
				"west": {"uv": [2, 0, 14, 2], "rotation": 270, "texture": "#0"},
				"up": {"uv": [2, 0, 14, 2], "texture": "#0"},
				"down": {"uv": [2, 0, 14, 2], "rotation": 180, "texture": "#0"}
			}
		},
		{
			"from": [14, 2, 2],
			"to": [16, 14, 14],
			"faces": {
				"north": {"uv": [2, 0, 14, 2], "rotation": 270, "texture": "#0"},
				"east": {"uv": [2, 2, 14, 14], "texture": "#0"},
				"south": {"uv": [2, 0, 14, 2], "rotation": 90, "texture": "#0"},
				"west": {"uv": [0, 0, 12, 12], "rotation": 180, "texture": "#missing"},
				"up": {"uv": [2, 0, 14, 2], "rotation": 90, "texture": "#0"},
				"down": {"uv": [2, 0, 14, 2], "rotation": 90, "texture": "#0"}
			}
		},
		{
			"from": [2, 14, 2],
			"to": [14, 16, 14],
			"faces": {
				"north": {"uv": [2, 0, 14, 2], "texture": "#0"},
				"east": {"uv": [2, 0, 14, 2], "texture": "#0"},
				"south": {"uv": [2, 0, 14, 2], "texture": "#0"},
				"west": {"uv": [2, 0, 14, 2], "texture": "#0"},
				"up": {"uv": [2, 2, 14, 14], "texture": "#0"},
				"down": {"uv": [0, 0, 12, 12], "texture": "#missing"}
			}
		}
	]
}