{
	"credit": "Made with Blockbench",
	"texture_size": [32, 32],
	"textures": {
		"0": "block/small_palm_tree_dead",
		"particle": "block/small_palm_tree_dead"
	},
	"elements": [
		{
			"from": [7.5, 8.8, 8],
			"to": [8.5, 10.8, 8],
			"shade": false,
			"rotation": {"angle": 22.5, "axis": "x", "origin": [0, 5, -1]},
			"faces": {
				"north": {"uv": [10.5, 6.5, 11, 7.5], "texture": "#0"},
				"east": {"uv": [0, 0, 0, 1], "texture": "#missing"},
				"south": {"uv": [10.5, 6.5, 11, 7.5], "texture": "#0"},
				"west": {"uv": [0, 0, 0, 1], "texture": "#missing"},
				"up": {"uv": [0, 0, 0.5, 0], "texture": "#missing"},
				"down": {"uv": [0, 0, 0.5, 0], "texture": "#missing"}
			}
		},
		{
			"from": [7.5, 1.8, 7],
			"to": [8.5, 3.8, 7],
			"shade": false,
			"rotation": {"angle": -22.5, "axis": "x", "origin": [0, 5, -1]},
			"faces": {
				"north": {"uv": [10.5, 6.5, 11, 7.5], "texture": "#0"},
				"east": {"uv": [0, 0, 0, 1], "texture": "#missing"},
				"south": {"uv": [10.5, 6.5, 11, 7.5], "texture": "#0"},
				"west": {"uv": [0, 0, 0, 1], "texture": "#missing"},
				"up": {"uv": [0, 0, 0.5, 0], "texture": "#missing"},
				"down": {"uv": [0, 0, 0.5, 0], "texture": "#missing"}
			}
		},
		{
			"from": [5.5, 3.8, 7],
			"to": [10.5, 11.8, 7],
			"shade": false,
			"rotation": {"angle": -22.5, "axis": "x", "origin": [0, 5, -1]},
			"faces": {
				"north": {"uv": [9.5, 5.5, 12, 9.5], "texture": "#0"},
				"east": {"uv": [0, 0, 0, 4], "texture": "#missing"},
				"south": {"uv": [9.5, 5.5, 12, 9.5], "texture": "#0"},
				"west": {"uv": [0, 0, 0, 4], "texture": "#missing"},
				"up": {"uv": [0, 0, 2.5, 0], "texture": "#missing"},
				"down": {"uv": [0, 0, 2.5, 0], "texture": "#missing"}
			}
		},
		{
			"from": [5.5, 8.2, 9],
			"to": [10.5, 18.2, 9],
			"shade": false,
			"rotation": {"angle": -45, "axis": "x", "origin": [0, 5, -1]},
			"faces": {
				"north": {"uv": [9.5, 0.5, 12, 5.5], "texture": "#0"},
				"east": {"uv": [0, 0, 0, 5], "texture": "#missing"},
				"south": {"uv": [9.5, 0.5, 12, 5.5], "texture": "#0"},
				"west": {"uv": [0, 0, 0, 5], "texture": "#missing"},
				"up": {"uv": [0, 0, 2.5, 0], "texture": "#missing"},
				"down": {"uv": [0, 0, 2.5, 0], "texture": "#missing"}
			}
		},
		{
			"from": [5.5, 10.8, 8],
			"to": [10.5, 18.8, 8],
			"shade": false,
			"rotation": {"angle": 22.5, "axis": "x", "origin": [0, 5, -1]},
			"faces": {
				"north": {"uv": [9.5, 5.5, 12, 9.5], "texture": "#0"},
				"east": {"uv": [0, 0, 0, 4], "texture": "#missing"},
				"south": {"uv": [9.5, 5.5, 12, 9.5], "texture": "#0"},
				"west": {"uv": [0, 0, 0, 4], "texture": "#missing"},
				"up": {"uv": [0, 0, 2.5, 0], "texture": "#missing"},
				"down": {"uv": [0, 0, 2.5, 0], "texture": "#missing"}
			}
		},
		{
			"from": [5.5, 21.1, 2],
			"to": [10.5, 31.1, 2],
			"shade": false,
			"rotation": {"angle": 45, "axis": "x", "origin": [0, 5, -1]},
			"faces": {
				"north": {"uv": [9.5, 0.5, 12, 5.5], "texture": "#0"},
				"east": {"uv": [0, 0, 0, 5], "texture": "#missing"},
				"south": {"uv": [9.5, 0.5, 12, 5.5], "texture": "#0"},
				"west": {"uv": [0, 0, 0, 5], "texture": "#missing"},
				"up": {"uv": [0, 0, 2.5, 0], "texture": "#missing"},
				"down": {"uv": [0, 0, 2.5, 0], "texture": "#missing"}
			}
		},
		{
			"from": [7.5, 8.3, 7.7],
			"to": [7.5, 10.3, 8.7],
			"shade": false,
			"rotation": {"angle": -22.5, "axis": "z", "origin": [0, 5, -1]},
			"faces": {
				"north": {"uv": [0, 0, 0, 1], "texture": "#missing"},
				"east": {"uv": [10.5, 6.5, 11, 7.5], "texture": "#0"},
				"south": {"uv": [0, 0, 0, 1], "texture": "#missing"},
				"west": {"uv": [10.5, 6.5, 11, 7.5], "texture": "#0"},
				"up": {"uv": [0, 0, 0, 0.5], "texture": "#missing"},
				"down": {"uv": [0, 0, 0, 0.5], "texture": "#missing"}
			}
		},
		{
			"from": [7.2, 2.32, 7.7],
			"to": [7.2, 4.32, 8.7],
			"shade": false,
			"rotation": {"angle": 22.5, "axis": "z", "origin": [0, 5, -1]},
			"faces": {
				"north": {"uv": [0, 0, 0, 1], "texture": "#missing"},
				"east": {"uv": [10.5, 6.5, 11, 7.5], "texture": "#0"},
				"south": {"uv": [0, 0, 0, 1], "texture": "#missing"},
				"west": {"uv": [10.5, 6.5, 11, 7.5], "texture": "#0"},
				"up": {"uv": [0, 0, 0, 0.5], "texture": "#missing"},
				"down": {"uv": [0, 0, 0, 0.5], "texture": "#missing"}
			}
		},
		{
			"from": [7.2, 4.32, 5.7],
			"to": [7.2, 12.32, 10.7],
			"shade": false,
			"rotation": {"angle": 22.5, "axis": "z", "origin": [0, 5, -1]},
			"faces": {
				"north": {"uv": [0, 0, 0, 4], "texture": "#missing"},
				"east": {"uv": [9.5, 5.5, 12, 9.5], "texture": "#0"},
				"south": {"uv": [0, 0, 0, 4], "texture": "#missing"},
				"west": {"uv": [9.5, 5.5, 12, 9.5], "texture": "#0"},
				"up": {"uv": [0, 0, 0, 2.5], "texture": "#missing"},
				"down": {"uv": [0, 0, 0, 2.5], "texture": "#missing"}
			}
		},
		{
			"from": [9.5, 8.9, 5.7],
			"to": [9.5, 18.9, 10.7],
			"shade": false,
			"rotation": {"angle": 45, "axis": "z", "origin": [0, 5, -1]},
			"faces": {
				"north": {"uv": [0, 0, 0, 5], "texture": "#missing"},
				"east": {"uv": [9.5, 0.5, 12, 5.5], "texture": "#0"},
				"south": {"uv": [0, 0, 0, 5], "texture": "#missing"},
				"west": {"uv": [9.5, 0.5, 12, 5.5], "texture": "#0"},
				"up": {"uv": [0, 0, 0, 2.5], "texture": "#missing"},
				"down": {"uv": [0, 0, 0, 2.5], "texture": "#missing"}
			}
		},
		{
			"from": [7.5, 10.3, 5.7],
			"to": [7.5, 18.3, 10.7],
			"shade": false,
			"rotation": {"angle": -22.5, "axis": "z", "origin": [0, 5, -1]},
			"faces": {
				"north": {"uv": [0, 0, 0, 4], "texture": "#missing"},
				"east": {"uv": [9.5, 5.5, 12, 9.5], "texture": "#0"},
				"south": {"uv": [0, 0, 0, 4], "texture": "#missing"},
				"west": {"uv": [9.5, 5.5, 12, 9.5], "texture": "#0"},
				"up": {"uv": [0, 0, 0, 2.5], "texture": "#missing"},
				"down": {"uv": [0, 0, 0, 2.5], "texture": "#missing"}
			}
		},
		{
			"from": [1.8, 20.1, 5.7],
			"to": [1.8, 30.1, 10.7],
			"shade": false,
			"rotation": {"angle": -45, "axis": "z", "origin": [0, 5, -1]},
			"faces": {
				"north": {"uv": [0, 0, 0, 5], "texture": "#missing"},
				"east": {"uv": [9.5, 0.5, 12, 5.5], "texture": "#0"},
				"south": {"uv": [0, 0, 0, 5], "texture": "#missing"},
				"west": {"uv": [9.5, 0.5, 12, 5.5], "texture": "#0"},
				"up": {"uv": [0, 0, 0, 2.5], "texture": "#missing"},
				"down": {"uv": [0, 0, 0, 2.5], "texture": "#missing"}
			}
		},
		{
			"from": [8, 0, 6],
			"to": [8, 6, 10],
			"shade": false,
			"faces": {
				"north": {"uv": [0, 0, 0, 2.5], "texture": "#missing"},
				"east": {"uv": [1, 1, 3, 4], "texture": "#0"},
				"south": {"uv": [0, 0, 0, 2.5], "texture": "#missing"},
				"west": {"uv": [1, 1, 3, 4], "texture": "#0"},
				"up": {"uv": [0, 0, 0, 2], "texture": "#missing"},
				"down": {"uv": [0, 0, 0, 2], "texture": "#missing"}
			}
		},
		{
			"from": [6, 0, 8],
			"to": [10, 6, 8],
			"shade": false,
			"faces": {
				"north": {"uv": [1, 1, 3, 4], "texture": "#0"},
				"east": {"uv": [0, 0, 0, 2.5], "texture": "#missing"},
				"south": {"uv": [1, 1, 3, 4], "texture": "#0"},
				"west": {"uv": [0, 0, 0, 2.5], "texture": "#missing"},
				"up": {"uv": [0, 0, 0, 2], "rotation": 270, "texture": "#missing"},
				"down": {"uv": [0, 0, 0, 2], "rotation": 90, "texture": "#missing"}
			}
		}
	],
	"display": {
		"thirdperson_righthand": {
			"translation": [0, 2.5, 0.25],
			"scale": [0.35, 0.35, 0.35]
		},
		"thirdperson_lefthand": {
			"translation": [0, 2.5, 0.5],
			"scale": [0.36, 0.36, 0.36]
		},
		"firstperson_righthand": {
			"scale": [0.36, 0.36, 0.36]
		},
		"firstperson_lefthand": {
			"scale": [0.36, 0.36, 0.36]
		},
		"ground": {
			"scale": [0.37, 0.37, 0.37]
		},
		"gui": {
			"rotation": [0, -22, 0],
			"translation": [0, -2.75, 0],
			"scale": [0.64, 0.64, 0.64]
		},
		"fixed": {
			"rotation": [0, -26, 0],
			"translation": [0, 0, -4.25],
			"scale": [0.33, 0.33, 0.33]
		}
	}
}