{
	"credit": "Model created by Lord Blackbone with Blockbench",
	"parent": "minecraft:block/cube_all",
	"textures": {
		"14": "block/deepslate_copper_ore",
		"15": "block/deepslate_copper_ore_top",
		"particle": "block/gilded_blackstone"
	},
	"elements": [
		{
			"from": [0, 0, 0],
			"to": [16, 16, 16],
			"faces": {
				"north": {"uv": [0, 0, 16, 16], "texture": "#14"},
				"east": {"uv": [0, 0, 16, 16], "texture": "#14"},
				"south": {"uv": [0, 0, 16, 16], "texture": "#14"},
				"west": {"uv": [0, 0, 16, 16], "texture": "#14"},
				"up": {"uv": [0, 0, 16, 16], "texture": "#15"},
				"down": {"uv": [0, 0, 16, 16], "texture": "#15"}
			}
		}
	]
}