{
	"credit": "Model created by Lord Blackbone with Blockbench",
	"parent": "minecraft:block/cube_all",
	"textures": {
		"4": "block/deepslate_lapis_ore",
		"5": "block/deepslate_lapis_ore_top",
		"particle": "block/gilded_blackstone"
	},
	"elements": [
		{
			"from": [0, 0, 0],
			"to": [16, 16, 16],
			"faces": {
				"north": {"uv": [0, 0, 16, 16], "texture": "#4"},
				"east": {"uv": [0, 0, 16, 16], "texture": "#4"},
				"south": {"uv": [0, 0, 16, 16], "texture": "#4"},
				"west": {"uv": [0, 0, 16, 16], "texture": "#4"},
				"up": {"uv": [0, 0, 16, 16], "texture": "#5"},
				"down": {"uv": [0, 0, 16, 16], "texture": "#5"}
			}
		}
	]
}