{
	"textures": {
		"0": "block/dirt",
		"1": "block/farmland",
		"particle": "block/dirt"
	},
	"elements": [
		{
			"from": [0, 0, 0],
			"to": [16, 14, 16],
			"faces": {
				"north": {"uv": [0, 2, 16, 16], "texture": "#0"},
				"east": {"uv": [0, 2, 16, 16], "texture": "#0"},
				"south": {"uv": [0, 2, 16, 16], "texture": "#0"},
				"west": {"uv": [0, 2, 16, 16], "texture": "#0"},
				"up": {"uv": [0, 0, 16, 16], "texture": "#1"},
				"down": {"uv": [0, 0, 16, 16], "texture": "#0"}
			}
		},
		{
			"from": [0, 14, 3],
			"to": [16, 15, 13],
			"faces": {
				"north": {"uv": [0, 1, 16, 2], "texture": "#0"},
				"east": {"uv": [3, 1, 13, 2], "texture": "#0"},
				"south": {"uv": [0, 1, 16, 2], "texture": "#0"},
				"west": {"uv": [3, 1, 13, 2], "texture": "#0"},
				"up": {"uv": [0, 3, 16, 13], "texture": "#1"},
				"down": {"uv": [0, 0, 16, 10], "texture": "#missing"}
			}
		}
	],
	"display": {
		"thirdperson_righthand": {
			"rotation": [0, -89, 0],
			"scale": [0.27, 0.27, 0.27]
		},
		"thirdperson_lefthand": {
			"rotation": [0, 89, 0],
			"scale": [0.27, 0.27, 0.27]
		},
		"firstperson_righthand": {
			"rotation": [0, -89, 0],
			"scale": [0.2, 0.27, 0.27]
		},
		"firstperson_lefthand": {
			"rotation": [0, -90, 0],
			"scale": [0.2, 0.27, 0.27]
		},
		"ground": {
			"scale": [0.2, 0.2, 0.2]
		},
		"gui": {
			"rotation": [35, 51, 0],
			"scale": [0.6, 0.6, 0.6]
		},
		"fixed": {
			"rotation": [0, -90, 0],
			"scale": [0.5, 0.5, 0.5]
		}
	}
}