{
	"credit": "Model created by Lord Blackbone with Blockbench",
	"parent": "minecraft:block/cube_all",
	"textures": {
		"1": "block/gilded_blackstone_top",
		"particle": "block/gilded_blackstone",
		"all": "block/gilded_blackstone"
	},
	"elements": [
		{
			"from": [0, 0, 0],
			"to": [16, 16, 16],
			"faces": {
				"north": {"uv": [0, 0, 16, 16], "texture": "#all"},
				"east": {"uv": [0, 0, 16, 16], "texture": "#all"},
				"south": {"uv": [0, 0, 16, 16], "texture": "#all"},
				"west": {"uv": [0, 0, 16, 16], "texture": "#all"},
				"up": {"uv": [0, 0, 16, 16], "texture": "#1"},
				"down": {"uv": [0, 0, 16, 16], "texture": "#1"}
			}
		}
	]
}