{
	"textures": {
		"0": "block/kelp_plant",
		"1": "block/kelp",
		"particle": "block/kelp_plant"
	},
	"elements": [
		{
			"from": [3.87868, 0, -1.12132],
			"to": [19.87868, 16, -1.12132],
			"shade": false,
			"rotation": {"angle": -45, "axis": "y", "origin": [-1.12132, 8, -1.12132]},
			"faces": {
				"north": {"uv": [0, 0, 16, 16], "texture": "#0"},
				"east": {"uv": [0, 0, 0, 16], "texture": "#0"},
				"south": {"uv": [0, 0, 16, 16], "texture": "#0"},
				"west": {"uv": [0, 0, 0, 16], "texture": "#0"},
				"up": {"uv": [0, 0, 16, 0], "texture": "#0"},
				"down": {"uv": [0, 0, 16, 0], "texture": "#0"}
			}
		},
		{
			"from": [3.87868, 16, -1.12132],
			"to": [19.87868, 32, -1.12132],
			"shade": false,
			"rotation": {"angle": -45, "axis": "y", "origin": [-1.12132, 8, -1.12132]},
			"faces": {
				"north": {"uv": [0, 0, 16, 16], "texture": "#1"},
				"east": {"uv": [0, 0, 0, 16], "texture": "#1"},
				"south": {"uv": [0, 0, 16, 16], "texture": "#1"},
				"west": {"uv": [0, 0, 0, 16], "texture": "#1"},
				"up": {"uv": [0, 0, 16, 0], "texture": "#1"},
				"down": {"uv": [0, 0, 16, 0], "texture": "#1"}
			}
		},
		{
			"from": [8.39369, 14.24335, -0.12132],
			"to": [8.39369, 30.24335, 15.87868],
			"shade": false,
			"rotation": {"angle": -45, "axis": "z", "origin": [-0.60631, 11.24335, -1.12132]},
			"faces": {
				"north": {"uv": [0, 0, 0, 16], "texture": "#1"},
				"east": {"uv": [0, 0, 16, 16], "texture": "#1"},
				"south": {"uv": [0, 0, 0, 16], "texture": "#1"},
				"west": {"uv": [0, 0, 16, 16], "texture": "#1"},
				"up": {"uv": [0, 0, 16, 0], "rotation": 90, "texture": "#1"},
				"down": {"uv": [0, 0, 16, 0], "rotation": 270, "texture": "#1"}
			}
		},
		{
			"from": [12.63704, 1.51472, -0.12132],
			"to": [12.63704, 17.51472, 15.87868],
			"shade": false,
			"rotation": {"angle": 45, "axis": "z", "origin": [3.63704, -1.48528, -1.12132]},
			"faces": {
				"north": {"uv": [0, 0, 0, 16], "texture": "#1"},
				"east": {"uv": [0, 0, 16, 16], "texture": "#1"},
				"south": {"uv": [0, 0, 0, 16], "texture": "#1"},
				"west": {"uv": [0, 0, 16, 16], "texture": "#1"},
				"up": {"uv": [0, 0, 16, 0], "rotation": 90, "texture": "#1"},
				"down": {"uv": [0, 0, 16, 0], "rotation": 270, "texture": "#1"}
			}
		},
		{
			"from": [-0.12132, 14.24335, 8.39369],
			"to": [15.87868, 30.24335, 8.39369],
			"shade": false,
			"rotation": {"angle": 45, "axis": "x", "origin": [-1.12132, 11.24335, -0.60631]},
			"faces": {
				"north": {"uv": [0, 0, 16, 16], "texture": "#1"},
				"east": {"uv": [0, 0, 0, 16], "texture": "#1"},
				"south": {"uv": [0, 0, 16, 16], "texture": "#1"},
				"west": {"uv": [0, 0, 0, 16], "texture": "#1"},
				"up": {"uv": [0, 0, 16, 0], "texture": "#1"},
				"down": {"uv": [0, 0, 16, 0], "texture": "#1"}
			}
		},
		{
			"from": [-0.12132, 1.51472, 12.63562],
			"to": [15.87868, 17.51472, 12.63562],
			"shade": false,
			"rotation": {"angle": -45, "axis": "x", "origin": [-1.12132, -1.48528, 3.63562]},
			"faces": {
				"north": {"uv": [0, 0, 16, 16], "texture": "#1"},
				"east": {"uv": [0, 0, 0, 16], "texture": "#1"},
				"south": {"uv": [0, 0, 16, 16], "texture": "#1"},
				"west": {"uv": [0, 0, 0, 16], "texture": "#1"},
				"up": {"uv": [0, 0, 16, 0], "texture": "#1"},
				"down": {"uv": [0, 0, 16, 0], "texture": "#1"}
			}
		},
		{
			"from": [-9.12132, 0, 11.87868],
			"to": [6.87868, 16, 11.87868],
			"shade": false,
			"rotation": {"angle": 45, "axis": "y", "origin": [-1.12132, 8, -1.12132]},
			"faces": {
				"north": {"uv": [0, 0, 16, 16], "texture": "#0"},
				"east": {"uv": [0, 0, 0, 16], "texture": "#0"},
				"south": {"uv": [0, 0, 16, 16], "texture": "#0"},
				"west": {"uv": [0, 0, 0, 16], "texture": "#0"},
				"up": {"uv": [0, 0, 16, 0], "texture": "#0"},
				"down": {"uv": [0, 0, 16, 0], "texture": "#0"}
			}
		},
		{
			"from": [-9.12132, 16, 11.87868],
			"to": [6.87868, 32, 11.87868],
			"shade": false,
			"rotation": {"angle": 45, "axis": "y", "origin": [-1.12132, 8, -1.12132]},
			"faces": {
				"north": {"uv": [0, 0, 16, 16], "texture": "#1"},
				"east": {"uv": [0, 0, 0, 16], "texture": "#1"},
				"south": {"uv": [0, 0, 16, 16], "texture": "#1"},
				"west": {"uv": [0, 0, 0, 16], "texture": "#1"},
				"up": {"uv": [0, 0, 16, 0], "texture": "#1"},
				"down": {"uv": [0, 0, 16, 0], "texture": "#1"}
			}
		},
		{
			"from": [-0.12132, -7.17157, 2.97918],
			"to": [15.87868, 8.82843, 2.97918],
			"shade": false,
			"rotation": {"angle": -45, "axis": "x", "origin": [-1.12132, 1.82843, -2.02082]},
			"faces": {
				"north": {"uv": [0, 0, 16, 16], "texture": "#0"},
				"east": {"uv": [0, 0, 0, 16], "texture": "#0"},
				"south": {"uv": [0, 0, 16, 16], "texture": "#0"},
				"west": {"uv": [0, 0, 0, 16], "texture": "#0"},
				"up": {"uv": [0, 0, 16, 0], "rotation": 180, "texture": "#0"},
				"down": {"uv": [0, 0, 16, 0], "rotation": 180, "texture": "#0"}
			}
		},
		{
			"from": [-0.12132, 8.93275, -0.37657],
			"to": [15.87868, 24.93275, -0.37657],
			"shade": false,
			"rotation": {"angle": -22.5, "axis": "x", "origin": [-1.12132, 1.93275, -5.37657]},
			"faces": {
				"north": {"uv": [0, 0, 16, 16], "texture": "#1"},
				"east": {"uv": [0, 0, 0, 16], "texture": "#1"},
				"south": {"uv": [0, 0, 16, 16], "texture": "#1"},
				"west": {"uv": [0, 0, 0, 16], "texture": "#1"},
				"up": {"uv": [0, 0, 16, 0], "rotation": 180, "texture": "#1"},
				"down": {"uv": [0, 0, 16, 0], "rotation": 180, "texture": "#1"}
			}
		},
		{
			"from": [-0.12132, 4.14214, 17.46447],
			"to": [15.87868, 20.14214, 17.46447],
			"shade": false,
			"rotation": {"angle": 45, "axis": "x", "origin": [-1.12132, 13.14214, 6.46447]},
			"faces": {
				"north": {"uv": [0, 0, 16, 16], "texture": "#0"},
				"east": {"uv": [0, 0, 0, 16], "texture": "#0"},
				"south": {"uv": [0, 0, 16, 16], "texture": "#0"},
				"west": {"uv": [0, 0, 0, 16], "texture": "#0"},
				"up": {"uv": [0, 0, 16, 0], "rotation": 180, "texture": "#0"},
				"down": {"uv": [0, 0, 16, 0], "rotation": 180, "texture": "#0"}
			}
		},
		{
			"from": [-0.12132, 15.05575, 17.35071],
			"to": [15.87868, 31.05575, 17.35071],
			"shade": false,
			"rotation": {"angle": 22.5, "axis": "x", "origin": [-1.12132, 8.05575, 6.35071]},
			"faces": {
				"north": {"uv": [0, 0, 16, 16], "texture": "#1"},
				"east": {"uv": [0, 0, 0, 16], "texture": "#1"},
				"south": {"uv": [0, 0, 16, 16], "texture": "#1"},
				"west": {"uv": [0, 0, 0, 16], "texture": "#1"},
				"up": {"uv": [0, 0, 16, 0], "rotation": 180, "texture": "#1"},
				"down": {"uv": [0, 0, 16, 0], "rotation": 180, "texture": "#1"}
			}
		},
		{
			"from": [3.89419, -8.45025, -0.12132],
			"to": [3.89419, 7.54975, 15.87868],
			"shade": false,
			"rotation": {"angle": 45, "axis": "z", "origin": [-3.10581, 0.08458, -1.12132]},
			"faces": {
				"north": {"uv": [0, 0, 0, 16], "texture": "#0"},
				"east": {"uv": [0, 0, 16, 16], "texture": "#0"},
				"south": {"uv": [0, 0, 0, 16], "texture": "#0"},
				"west": {"uv": [0, 0, 16, 16], "texture": "#0"},
				"up": {"uv": [0, 0, 16, 0], "rotation": 270, "texture": "#0"},
				"down": {"uv": [0, 0, 16, 0], "rotation": 90, "texture": "#0"}
			}
		},
		{
			"from": [-0.04509, 8.20247, -0.12132],
			"to": [-0.04509, 24.20247, 15.87868],
			"shade": false,
			"rotation": {"angle": 22.5, "axis": "z", "origin": [-7.04509, 0.7373, -1.12132]},
			"faces": {
				"north": {"uv": [0, 0, 0, 16], "texture": "#1"},
				"east": {"uv": [0, 0, 16, 16], "texture": "#1"},
				"south": {"uv": [0, 0, 0, 16], "texture": "#1"},
				"west": {"uv": [0, 0, 16, 16], "texture": "#1"},
				"up": {"uv": [0, 0, 16, 0], "rotation": 270, "texture": "#1"},
				"down": {"uv": [0, 0, 16, 0], "rotation": 90, "texture": "#1"}
			}
		},
		{
			"from": [19.29289, 2.55635, -0.12132],
			"to": [19.29289, 18.55635, 15.87868],
			"shade": false,
			"rotation": {"angle": -45, "axis": "z", "origin": [9.29289, 14.55635, -1.12132]},
			"faces": {
				"north": {"uv": [0, 0, 0, 16], "texture": "#0"},
				"east": {"uv": [0, 0, 16, 16], "texture": "#0"},
				"south": {"uv": [0, 0, 0, 16], "texture": "#0"},
				"west": {"uv": [0, 0, 16, 16], "texture": "#0"},
				"up": {"uv": [0, 0, 16, 0], "rotation": 270, "texture": "#0"},
				"down": {"uv": [0, 0, 16, 0], "rotation": 90, "texture": "#0"}
			}
		},
		{
			"from": [18.42264, 14.4447, -0.12132],
			"to": [18.42264, 30.4447, 15.87868],
			"shade": false,
			"rotation": {"angle": -22.5, "axis": "z", "origin": [8.42264, 10.4447, -1.12132]},
			"faces": {
				"north": {"uv": [0, 0, 0, 16], "texture": "#1"},
				"east": {"uv": [0, 0, 16, 16], "texture": "#1"},
				"south": {"uv": [0, 0, 0, 16], "texture": "#1"},
				"west": {"uv": [0, 0, 16, 16], "texture": "#1"},
				"up": {"uv": [0, 0, 16, 0], "rotation": 270, "texture": "#1"},
				"down": {"uv": [0, 0, 16, 0], "rotation": 90, "texture": "#1"}
			}
		}
	]
}