{
	"parent": "block/cube",
	"textures": {
		"particle": "ic2:blocks/generator/kinetic/steam_kinetic_generator_left_active",
		"down": "ic2:blocks/generator/kinetic/steam_kinetic_generator_bottom",
		"up": "ic2:blocks/generator/kinetic/steam_kinetic_generator_top",
		"north": "ic2:blocks/generator/kinetic/steam_kinetic_generator_front",
		"east": "ic2:blocks/generator/kinetic/steam_kinetic_generator_left_active",
		"south": "ic2:blocks/generator/kinetic/steam_kinetic_generator_back_active",
		"west": "ic2:blocks/generator/kinetic/steam_kinetic_generator_right_active"
	}
}
