{
	"parent": "block/cube",
	"textures": {
		"particle": "ic2:blocks/generator/kinetic/stirling_kinetic_generator_leftrightback",
		"down": "ic2:blocks/generator/kinetic/stirling_kinetic_generator_bottomtop",
		"up": "ic2:blocks/generator/kinetic/stirling_kinetic_generator_bottomtop",
		"north": "ic2:blocks/generator/kinetic/stirling_kinetic_generator_front",
		"east": "ic2:blocks/generator/kinetic/stirling_kinetic_generator_leftrightback",
		"south": "ic2:blocks/generator/kinetic/stirling_kinetic_generator_leftrightback",
		"west": "ic2:blocks/generator/kinetic/stirling_kinetic_generator_leftrightback"
	}
}
